Time,SPACE1-1:CHICAGO_IL_USA ANNUAL HEATING 99% DESIGN CONDITIONS DB:Des Heat Load [W],SPACE1-1:CHICAGO_IL_USA ANNUAL COOLING 1% DESIGN CONDITIONS DB/MCWB:Des Sens Cool Load [W],SPACE1-1:CHICAGO_IL_USA ANNUAL HEATING 99% DESIGN CONDITIONS DB:Des Heat Mass Flow [kg/s],SPACE1-1:CHICAGO_IL_USA ANNUAL COOLING 1% DESIGN CONDITIONS DB/MCWB:Des Cool Mass Flow [kg/s],SPACE1-1::Des Latent Heat Load [W],SPACE1-1::Des Latent Cool Load [W],SPACE1-1::Des Latent Heat Mass Flow [kg/s],SPACE1-1::Des Latent Cool Mass Flow [kg/s],SPACE1-1::Des Heat Load No DOAS [W],SPACE1-1::Des Sens Cool Load No DOAS [W],SPACE1-1::Des Latent Heat Load No DOAS [W],SPACE1-1::Des Latent Cool Load No DOAS [W],SPACE1-1:CHICAGO_IL_USA ANNUAL HEATING 99% DESIGN CONDITIONS DB:Heating Zone Temperature [C],SPACE1-1:CHICAGO_IL_USA ANNUAL HEATING 99% DESIGN CONDITIONS DB:Heating Zone Relative Humidity [%],SPACE1-1:CHICAGO_IL_USA ANNUAL COOLING 1% DESIGN CONDITIONS DB/MCWB:Cooling Zone Temperature [C],SPACE1-1:CHICAGO_IL_USA ANNUAL COOLING 1% DESIGN CONDITIONS DB/MCWB:Cooling Zone Relative Humidity [%],SPACE2-1:CHICAGO_IL_USA ANNUAL HEATING 99% DESIGN CONDITIONS DB:Des Heat Load [W],SPACE2-1:CHICAGO_IL_USA ANNUAL COOLING 1% DESIGN CONDITIONS DB/MCWB:Des Sens Cool Load [W],SPACE2-1:CHICAGO_IL_USA ANNUAL HEATING 99% DESIGN CONDITIONS DB:Des Heat Mass Flow [kg/s],SPACE2-1:CHICAGO_IL_USA ANNUAL COOLING 1% DESIGN CONDITIONS DB/MCWB:Des Cool Mass Flow [kg/s],SPACE2-1::Des Latent Heat Load [W],SPACE2-1::Des Latent Cool Load [W],SPACE2-1::Des Latent Heat Mass Flow [kg/s],SPACE2-1::Des Latent Cool Mass Flow [kg/s],SPACE2-1::Des Heat Load No DOAS [W],SPACE2-1::Des Sens Cool Load No DOAS [W],SPACE2-1::Des Latent Heat Load No DOAS [W],SPACE2-1::Des Latent Cool Load No DOAS [W],SPACE2-1:CHICAGO_IL_USA ANNUAL HEATING 99% DESIGN CONDITIONS DB:Heating Zone Temperature [C],SPACE2-1:CHICAGO_IL_USA ANNUAL HEATING 99% DESIGN CONDITIONS DB:Heating Zone Relative Humidity [%],SPACE2-1:CHICAGO_IL_USA ANNUAL COOLING 1% DESIGN CONDITIONS DB/MCWB:Cooling Zone Temperature [C],SPACE2-1:CHICAGO_IL_USA ANNUAL COOLING 1% DESIGN CONDITIONS DB/MCWB:Cooling Zone Relative Humidity [%],SPACE3-1:CHICAGO_IL_USA ANNUAL HEATING 99% DESIGN CONDITIONS DB:Des Heat Load [W],SPACE3-1:CHICAGO_IL_USA ANNUAL COOLING 1% DESIGN CONDITIONS DB/MCWB:Des Sens Cool Load [W],SPACE3-1:CHICAGO_IL_USA ANNUAL HEATING 99% DESIGN CONDITIONS DB:Des Heat Mass Flow [kg/s],SPACE3-1:CHICAGO_IL_USA ANNUAL COOLING 1% DESIGN CONDITIONS DB/MCWB:Des Cool Mass Flow [kg/s],SPACE3-1::Des Latent Heat Load [W],SPACE3-1::Des Latent Cool Load [W],SPACE3-1::Des Latent Heat Mass Flow [kg/s],SPACE3-1::Des Latent Cool Mass Flow [kg/s],SPACE3-1::Des Heat Load No DOAS [W],SPACE3-1::Des Sens Cool Load No DOAS [W],SPACE3-1::Des Latent Heat Load No DOAS [W],SPACE3-1::Des Latent Cool Load No DOAS [W],SPACE3-1:CHICAGO_IL_USA ANNUAL HEATING 99% DESIGN CONDITIONS DB:Heating Zone Temperature [C],SPACE3-1:CHICAGO_IL_USA ANNUAL HEATING 99% DESIGN CONDITIONS DB:Heating Zone Relative Humidity [%],SPACE3-1:CHICAGO_IL_USA ANNUAL COOLING 1% DESIGN CONDITIONS DB/MCWB:Cooling Zone Temperature [C],SPACE3-1:CHICAGO_IL_USA ANNUAL COOLING 1% DESIGN CONDITIONS DB/MCWB:Cooling Zone Relative Humidity [%],SPACE4-1:CHICAGO_IL_USA ANNUAL HEATING 99% DESIGN CONDITIONS DB:Des Heat Load [W],SPACE4-1:CHICAGO_IL_USA ANNUAL COOLING 1% DESIGN CONDITIONS DB/MCWB:Des Sens Cool Load [W],SPACE4-1:CHICAGO_IL_USA ANNUAL HEATING 99% DESIGN CONDITIONS DB:Des Heat Mass Flow [kg/s],SPACE4-1:CHICAGO_IL_USA ANNUAL COOLING 1% DESIGN CONDITIONS DB/MCWB:Des Cool Mass Flow [kg/s],SPACE4-1::Des Latent Heat Load [W],SPACE4-1::Des Latent Cool Load [W],SPACE4-1::Des Latent Heat Mass Flow [kg/s],SPACE4-1::Des Latent Cool Mass Flow [kg/s],SPACE4-1::Des Heat Load No DOAS [W],SPACE4-1::Des Sens Cool Load No DOAS [W],SPACE4-1::Des Latent Heat Load No DOAS [W],SPACE4-1::Des Latent Cool Load No DOAS [W],SPACE4-1:CHICAGO_IL_USA ANNUAL HEATING 99% DESIGN CONDITIONS DB:Heating Zone Temperature [C],SPACE4-1:CHICAGO_IL_USA ANNUAL HEATING 99% DESIGN CONDITIONS DB:Heating Zone Relative Humidity [%],SPACE4-1:CHICAGO_IL_USA ANNUAL COOLING 1% DESIGN CONDITIONS DB/MCWB:Cooling Zone Temperature [C],SPACE4-1:CHICAGO_IL_USA ANNUAL COOLING 1% DESIGN CONDITIONS DB/MCWB:Cooling Zone Relative Humidity [%],SPACE5-1:CHICAGO_IL_USA ANNUAL HEATING 99% DESIGN CONDITIONS DB:Des Heat Load [W],SPACE5-1:CHICAGO_IL_USA ANNUAL COOLING 1% DESIGN CONDITIONS DB/MCWB:Des Sens Cool Load [W],SPACE5-1:CHICAGO_IL_USA ANNUAL HEATING 99% DESIGN CONDITIONS DB:Des Heat Mass Flow [kg/s],SPACE5-1:CHICAGO_IL_USA ANNUAL COOLING 1% DESIGN CONDITIONS DB/MCWB:Des Cool Mass Flow [kg/s],SPACE5-1::Des Latent Heat Load [W],SPACE5-1::Des Latent Cool Load [W],SPACE5-1::Des Latent Heat Mass Flow [kg/s],SPACE5-1::Des Latent Cool Mass Flow [kg/s],SPACE5-1::Des Heat Load No DOAS [W],SPACE5-1::Des Sens Cool Load No DOAS [W],SPACE5-1::Des Latent Heat Load No DOAS [W],SPACE5-1::Des Latent Cool Load No DOAS [W],SPACE5-1:CHICAGO_IL_USA ANNUAL HEATING 99% DESIGN CONDITIONS DB:Heating Zone Temperature [C],SPACE5-1:CHICAGO_IL_USA ANNUAL HEATING 99% DESIGN CONDITIONS DB:Heating Zone Relative Humidity [%],SPACE5-1:CHICAGO_IL_USA ANNUAL COOLING 1% DESIGN CONDITIONS DB/MCWB:Cooling Zone Temperature [C],SPACE5-1:CHICAGO_IL_USA ANNUAL COOLING 1% DESIGN CONDITIONS DB/MCWB:Cooling Zone Relative Humidity [%]
00:15:00,3.862895E+03,0.000000E+00,1.372629E-01,0.000000E+00,0.000000E+00,0.000000E+00,0.000000E+00,0.000000E+00,0.000000E+00,0.000000E+00,0.000000E+00,0.000000E+00,2.219897E+01,2.232313E+01,2.233889E+01,5.502526E+01,1.626303E+03,0.000000E+00,5.778864E-02,0.000000E+00,0.000000E+00,0.000000E+00,0.000000E+00,0.000000E+00,0.000000E+00,0.000000E+00,0.000000E+00,0.000000E+00,2.219902E+01,2.227504E+01,2.233622E+01,5.563745E+01,3.755171E+03,0.000000E+00,1.334350E-01,0.000000E+00,0.000000E+00,0.000000E+00,0.000000E+00,0.000000E+00,0.000000E+00,0.000000E+00,0.000000E+00,0.000000E+00,2.219896E+01,2.228795E+01,2.228105E+01,5.596738E+01,1.626303E+03,0.000000E+00,5.778864E-02,0.000000E+00,0.000000E+00,0.000000E+00,0.000000E+00,0.000000E+00,0.000000E+00,0.000000E+00,0.000000E+00,0.000000E+00,2.219902E+01,2.227504E+01,2.246471E+01,5.216648E+01,2.983690E+03,0.000000E+00,1.060211E-01,0.000000E+00,0.000000E+00,0.000000E+00,0.000000E+00,0.000000E+00,0.000000E+00,0.000000E+00,0.000000E+00,0.000000E+00,2.219886E+01,2.064827E+01,2.219788E+01,6.038509E+01
00:30:00,3.862895E+03,0.000000E+00,1.372629E-01,0.000000E+00,0.000000E+00,0.000000E+00,0.000000E+00,0.000000E+00,0.000000E+00,0.000000E+00,0.000000E+00,0.000000E+00,2.219897E+01,2.232313E+01,2.225821E+01,5.529611E+01,1.626303E+03,0.000000E+00,5.778864E-02,0.000000E+00,0.000000E+00,0.000000E+00,0.000000E+00,0.000000E+00,0.000000E+00,0.000000E+00,0.000000E+00,0.000000E+00,2.219902E+01,2.227504E+01,2.225730E+01,5.590530E+01,3.755171E+03,0.000000E+00,1.334350E-01,0.000000E+00,0.000000E+00,0.000000E+00,0.000000E+00,0.000000E+00,0.000000E+00,0.000000E+00,0.000000E+00,0.000000E+00,2.219896E+01,2.228795E+01,2.220195E+01,5.623759E+01,1.626303E+03,0.000000E+00,5.778864E-02,0.000000E+00,0.000000E+00,0.000000E+00,0.000000E+00,0.000000E+00,0.000000E+00,0.000000E+00,0.000000E+00,0.000000E+00,2.219902E+01,2.227504E+01,2.236966E+01,5.246883E+01,2.983690E+03,0.000000E+00,1.060211E-01,0.000000E+00,0.000000E+00,0.000000E+00,0.000000E+00,0.000000E+00,0.000000E+00,0.000000E+00,0.000000E+00,0.000000E+00,2.219886E+01,2.064827E+01,2.213622E+01,6.061233E+01
00:45:00,3.862895E+03,0.000000E+00,1.372629E-01,0.000000E+00,0.000000E+00,0.000000E+00,0.000000E+00,0.000000E+00,0.000000E+00,0.000000E+00,0.000000E+00,0.000000E+00,2.219897E+01,2.232313E+01,2.218127E+01,5.555578E+01,1.626303E+03,0.000000E+00,5.778864E-02,0.000000E+00,0.000000E+00,0.000000E+00,0.000000E+00,0.000000E+00,0.000000E+00,0.000000E+00,0.000000E+00,0.000000E+00,2.219902E+01,2.227504E+01,2.218178E+01,5.616299E+01,3.755171E+03,0.000000E+00,1.334350E-01,0.000000E+00,0.000000E+00,0.000000E+00,0.000000E+00,0.000000E+00,0.000000E+00,0.000000E+00,0.000000E+00,0.000000E+00,2.219896E+01,2.228795E+01,2.212639E+01,5.649705E+01,1.626303E+03,0.000000E+00,5.778864E-02,0.000000E+00,0.000000E+00,0.000000E+00,0.000000E+00,0.000000E+00,0.000000E+00,0.000000E+00,0.000000E+00,0.000000E+00,2.219902E+01,2.227504E+01,2.227989E+01,5.275622E+01,2.983690E+03,0.000000E+00,1.060211E-01,0.000000E+00,0.000000E+00,0.000000E+00,0.000000E+00,0.000000E+00,0.000000E+00,0.000000E+00,0.000000E+00,0.000000E+00,2.219886E+01,2.064827E+01,2.207745E+01,6.082982E+01
01:00:00,3.862895E+03,0.000000E+00,1.372629E-01,0.000000E+00,0.000000E+00,0.000000E+00,0.000000E+00,0.000000E+00,0.000000E+00,0.000000E+00,0.000000E+00,0.000000E+00,2.219897E+01,2.232313E+01,2.210753E+01,5.580594E+01,1.626303E+03,0.000000E+00,5.778864E-02,0.000000E+00,0.000000E+00,0.000000E+00,0.000000E+00,0.000000E+00,0.000000E+00,0.000000E+00,0.000000E+00,0.000000E+00,2.219902E+01,2.227504E+01,2.210923E+01,5.641180E+01,3.755171E+03,0.000000E+00,1.334350E-01,0.000000E+00,0.000000E+00,0.000000E+00,0.000000E+00,0.000000E+00,0.000000E+00,0.000000E+00,0.000000E+00,0.000000E+00,2.219896E+01,2.228795E+01,2.205387E+01,5.674734E+01,1.626303E+03,0.000000E+00,5.778864E-02,0.000000E+00,0.000000E+00,0.000000E+00,0.000000E+00,0.000000E+00,0.000000E+00,0.000000E+00,0.000000E+00,0.000000E+00,2.219902E+01,2.227504E+01,2.219479E+01,5.303028E+01,2.983690E+03,0.000000E+00,1.060211E-01,0.000000E+00,0.000000E+00,0.000000E+00,0.000000E+00,0.000000E+00,0.000000E+00,0.000000E+00,0.000000E+00,0.000000E+00,2.219886E+01,2.064827E+01,2.202136E+01,6.103820E+01
01:15:00,3.862895E+03,0.000000E+00,1.372629E-01,0.000000E+00,0.000000E+00,0.000000E+00,0.000000E+00,0.000000E+00,0.000000E+00,0.000000E+00,0.000000E+00,0.000000E+00,2.219897E+01,2.232313E+01,2.203659E+01,5.604781E+01,1.626303E+03,0.000000E+00,5.778864E-02,0.000000E+00,0.000000E+00,0.000000E+00,0.000000E+00,0.000000E+00,0.000000E+00,0.000000E+00,0.000000E+00,0.000000E+00,2.219902E+01,2.227504E+01,2.203935E+01,5.665263E+01,3.755171E+03,0.000000E+00,1.334350E-01,0.000000E+00,0.000000E+00,0.000000E+00,0.000000E+00,0.000000E+00,0.000000E+00,0.000000E+00,0.000000E+00,0.000000E+00,2.219896E+01,2.228795E+01,2.198403E+01,5.698958E+01,1.626303E+03,0.000000E+00,5.778864E-02,0.000000E+00,0.000000E+00,0.000000E+00,0.000000E+00,0.000000E+00,0.000000E+00,0.000000E+00,0.000000E+00,0.000000E+00,2.219902E+01,2.227504E+01,2.211389E+01,5.329228E+01,2.983690E+03,0.000000E+00,1.060211E-01,0.000000E+00,0.000000E+00,0.000000E+00,0.000000E+00,0.000000E+00,0.000000E+00,0.000000E+00,0.000000E+00,0.000000E+00,2.219886E+01,2.064827E+01,2.196779E+01,6.123801E+01
01:30:00,3.862895E+03,0.000000E+00,1.372629E-01,0.000000E+00,0.000000E+00,0.000000E+00,0.000000E+00,0.000000E+00,0.000000E+00,0.000000E+00,0.000000E+00,0.000000E+00,2.219897E+01,2.232313E+01,2.196995E+01,5.627611E+01,1.626303E+03,0.000000E+00,5.778864E-02,0.000000E+00,0.000000E+00,0.000000E+00,0.000000E+00,0.000000E+00,0.000000E+00,0.000000E+00,0.000000E+00,0.000000E+00,2.219902E+01,2.227504E+01,2.197326E+01,5.688147E+01,3.755171E+03,0.000000E+00,1.334350E-01,0.000000E+00,0.000000E+00,0.000000E+00,0.000000E+00,0.000000E+00,0.000000E+00,0.000000E+00,0.000000E+00,0.000000E+00,2.219896E+01,2.228795E+01,2.191827E+01,5.721872E+01,1.626303E+03,0.000000E+00,5.778864E-02,0.000000E+00,0.000000E+00,0.000000E+00,0.000000E+00,0.000000E+00,0.000000E+00,0.000000E+00,0.000000E+00,0.000000E+00,2.219902E+01,2.227504E+01,2.203816E+01,5.353888E+01,2.983690E+03,0.000000E+00,1.060211E-01,0.000000E+00,0.000000E+00,0.000000E+00,0.000000E+00,0.000000E+00,0.000000E+00,0.000000E+00,0.000000E+00,0.000000E+00,2.219886E+01,2.064827E+01,2.191655E+01,6.142976E+01
01:45:00,3.862895E+03,0.000000E+00,1.372629E-01,0.000000E+00,0.000000E+00,0.000000E+00,0.000000E+00,0.000000E+00,0.000000E+00,0.000000E+00,0.000000E+00,0.000000E+00,2.219897E+01,2.232313E+01,2.190703E+01,5.649262E+01,1.626303E+03,0.000000E+00,5.778864E-02,0.000000E+00,0.000000E+00,0.000000E+00,0.000000E+00,0.000000E+00,0.000000E+00,0.000000E+00,0.000000E+00,0.000000E+00,2.219902E+01,2.227504E+01,2.191053E+01,5.709963E+01,3.755171E+03,0.000000E+00,1.334350E-01,0.000000E+00,0.000000E+00,0.000000E+00,0.000000E+00,0.000000E+00,0.000000E+00,0.000000E+00,0.000000E+00,0.000000E+00,2.219896E+01,2.228795E+01,2.185607E+01,5.743640E+01,1.626303E+03,0.000000E+00,5.778864E-02,0.000000E+00,0.000000E+00,0.000000E+00,0.000000E+00,0.000000E+00,0.000000E+00,0.000000E+00,0.000000E+00,0.000000E+00,2.219902E+01,2.227504E+01,2.196701E+01,5.377175E+01,2.983690E+03,0.000000E+00,1.060211E-01,0.000000E+00,0.000000E+00,0.000000E+00,0.000000E+00,0.000000E+00,0.000000E+00,0.000000E+00,0.000000E+00,0.000000E+00,2.219886E+01,2.064827E+01,2.186754E+01,6.161384E+01
02:00:00,3.862895E+03,0.000000E+00,1.372629E-01,0.000000E+00,0.000000E+00,0.000000E+00,0.000000E+00,0.000000E+00,0.000000E+00,0.000000E+00,0.000000E+00,0.000000E+00,2.219897E+01,2.232313E+01,2.184712E+01,5.669962E+01,1.626303E+03,0.000000E+00,5.778864E-02,0.000000E+00,0.000000E+00,0.000000E+00,0.000000E+00,0.000000E+00,0.000000E+00,0.000000E+00,0.000000E+00,0.000000E+00,2.219902E+01,2.227504E+01,2.185051E+01,5.730925E+01,3.755171E+03,0.000000E+00,1.334350E-01,0.000000E+00,0.000000E+00,0.000000E+00,0.000000E+00,0.000000E+00,0.000000E+00,0.000000E+00,0.000000E+00,0.000000E+00,2.219896E+01,2.228795E+01,2.179677E+01,5.764481E+01,1.626303E+03,0.000000E+00,5.778864E-02,0.000000E+00,0.000000E+00,0.000000E+00,0.000000E+00,0.000000E+00,0.000000E+00,0.000000E+00,0.000000E+00,0.000000E+00,2.219902E+01,2.227504E+01,2.189963E+01,5.399332E+01,2.983690E+03,0.000000E+00,1.060211E-01,0.000000E+00,0.000000E+00,0.000000E+00,0.000000E+00,0.000000E+00,0.000000E+00,0.000000E+00,0.000000E+00,0.000000E+00,2.219886E+01,2.064827E+01,2.182064E+01,6.179058E+01
02:15:00,3.862895E+03,0.000000E+00,1.372629E-01,0.000000E+00,0.000000E+00,0.000000E+00,0.000000E+00,0.000000E+00,0.000000E+00,0.000000E+00,0.000000E+00,0.000000E+00,2.219897E+01,2.232313E+01,2.178972E+01,5.689879E+01,1.626303E+03,0.000000E+00,5.778864E-02,0.000000E+00,0.000000E+00,0.000000E+00,0.000000E+00,0.000000E+00,0.000000E+00,0.000000E+00,0.000000E+00,0.000000E+00,2.219902E+01,2.227504E+01,2.179289E+01,5.751131E+01,3.755171E+03,0.000000E+00,1.334350E-01,0.000000E+00,0.000000E+00,0.000000E+00,0.000000E+00,0.000000E+00,0.000000E+00,0.000000E+00,0.000000E+00,0.000000E+00,2.219896E+01,2.228795E+01,2.173990E+01,5.784549E+01,1.626303E+03,0.000000E+00,5.778864E-02,0.000000E+00,0.000000E+00,0.000000E+00,0.000000E+00,0.000000E+00,0.000000E+00,0.000000E+00,0.000000E+00,0.000000E+00,2.219902E+01,2.227504E+01,2.183560E+01,5.420484E+01,2.983690E+03,0.000000E+00,1.060211E-01,0.000000E+00,0.000000E+00,0.000000E+00,0.000000E+00,0.000000E+00,0.000000E+00,0.000000E+00,0.000000E+00,0.000000E+00,2.219886E+01,2.064827E+01,2.177575E+01,6.196028E+01
02:30:00,3.862895E+03,0.000000E+00,1.372629E-01,0.000000E+00,0.000000E+00,0.000000E+00,0.000000E+00,0.000000E+00,0.000000E+00,0.000000E+00,0.000000E+00,0.000000E+00,2.219897E+01,2.232313E+01,2.173526E+01,5.708845E+01,1.626303E+03,0.000000E+00,5.778864E-02,0.000000E+00,0.000000E+00,0.000000E+00,0.000000E+00,0.000000E+00,0.000000E+00,0.000000E+00,0.000000E+00,0.000000E+00,2.219902E+01,2.227504E+01,2.173804E+01,5.770438E+01,3.755171E+03,0.000000E+00,1.334350E-01,0.000000E+00,0.000000E+00,0.000000E+00,0.000000E+00,0.000000E+00,0.000000E+00,0.000000E+00,0.000000E+00,0.000000E+00,2.219896E+01,2.228795E+01,2.168587E+01,5.803685E+01,1.626303E+03,0.000000E+00,5.778864E-02,0.000000E+00,0.000000E+00,0.000000E+00,0.000000E+00,0.000000E+00,0.000000E+00,0.000000E+00,0.000000E+00,0.000000E+00,2.219902E+01,2.227504E+01,2.177516E+01,5.440533E+01,2.983690E+03,0.000000E+00,1.060211E-01,0.000000E+00,0.000000E+00,0.000000E+00,0.000000E+00,0.000000E+00,0.000000E+00,0.000000E+00,0.000000E+00,0.000000E+00,2.219886E+01,2.064827E+01,2.173278E+01,6.212320E+01
02:45:00,3.862895E+03,0.000000E+00,1.372629E-01,0.000000E+00,0.000000E+00,0.000000E+00,0.000000E+00,0.000000E+00,0.000000E+00,0.000000E+00,0.000000E+00,0.000000E+00,2.219897E+01,2.232313E+01,2.168366E+01,5.726884E+01,1.626303E+03,0.000000E+00,5.778864E-02,0.000000E+00,0.000000E+00,0.000000E+00,0.000000E+00,0.000000E+00,0.000000E+00,0.000000E+00,0.000000E+00,0.000000E+00,2.219902E+01,2.227504E+01,2.168588E+01,5.788868E+01,3.755171E+03,0.000000E+00,1.334350E-01,0.000000E+00,0.000000E+00,0.000000E+00,0.000000E+00,0.000000E+00,0.000000E+00,0.000000E+00,0.000000E+00,0.000000E+00,2.219896E+01,2.228795E+01,2.163461E+01,5.821907E+01,1.626303E+03,0.000000E+00,5.778864E-02,0.000000E+00,0.000000E+00,0.000000E+00,0.000000E+00,0.000000E+00,0.000000E+00,0.000000E+00,0.000000E+00,0.000000E+00,2.219902E+01,2.227504E+01,2.171814E+01,5.459527E+01,2.983690E+03,0.000000E+00,1.060211E-01,0.000000E+00,0.000000E+00,0.000000E+00,0.000000E+00,0.000000E+00,0.000000E+00,0.000000E+00,0.000000E+00,0.000000E+00,2.219886E+01,2.064827E+01,2.169164E+01,6.227964E+01
03:00:00,3.862895E+03,0.000000E+00,1.372629E-01,0.000000E+00,0.000000E+00,0.000000E+00,0.000000E+00,0.000000E+00,0.000000E+00,0.000000E+00,0.000000E+00,0.000000E+00,2.219897E+01,2.232313E+01,2.163450E+01,5.744127E+01,1.626303E+03,0.000000E+00,5.778864E-02,0.000000E+00,0.000000E+00,0.000000E+00,0.000000E+00,0.000000E+00,0.000000E+00,0.000000E+00,0.000000E+00,0.000000E+00,2.219902E+01,2.227504E+01,2.163608E+01,5.806525E+01,3.755171E+03,0.000000E+00,1.334350E-01,0.000000E+00,0.000000E+00,0.000000E+00,0.000000E+00,0.000000E+00,0.000000E+00,0.000000E+00,0.000000E+00,0.000000E+00,2.219896E+01,2.228795E+01,2.158575E+01,5.839339E+01,1.626303E+03,0.000000E+00,5.778864E-02,0.000000E+00,0.000000E+00,0.000000E+00,0.000000E+00,0.000000E+00,0.000000E+00,0.000000E+00,0.000000E+00,0.000000E+00,2.219902E+01,2.227504E+01,2.166411E+01,5.477592E+01,2.983690E+03,0.000000E+00,1.060211E-01,0.000000E+00,0.000000E+00,0.000000E+00,0.000000E+00,0.000000E+00,0.000000E+00,0.000000E+00,0.000000E+00,0.000000E+00,2.219886E+01,2.064827E+01,2.165225E+01,6.242983E+01
03:15:00,3.862895E+03,0.000000E+00,1.372629E-01,0.000000E+00,0.000000E+00,0.000000E+00,0.000000E+00,0.000000E+00,0.000000E+00,0.000000E+00,0.000000E+00,0.000000E+00,2.219897E+01,2.232313E+01,2.158746E+01,5.760680E+01,1.626303E+03,0.000000E+00,5.778864E-02,0.000000E+00,0.000000E+00,0.000000E+00,0.000000E+00,0.000000E+00,0.000000E+00,0.000000E+00,0.000000E+00,0.000000E+00,2.219902E+01,2.227504E+01,2.158840E+01,5.823487E+01,3.755171E+03,0.000000E+00,1.334350E-01,0.000000E+00,0.000000E+00,0.000000E+00,0.000000E+00,0.000000E+00,0.000000E+00,0.000000E+00,0.000000E+00,0.000000E+00,2.219896E+01,2.228795E+01,2.153896E+01,5.856082E+01,1.626303E+03,0.000000E+00,5.778864E-02,0.000000E+00,0.000000E+00,0.000000E+00,0.000000E+00,0.000000E+00,0.000000E+00,0.000000E+00,0.000000E+00,0.000000E+00,2.219902E+01,2.227504E+01,2.161275E+01,5.494827E+01,2.983690E+03,0.000000E+00,1.060211E-01,0.000000E+00,0.000000E+00,0.000000E+00,0.000000E+00,0.000000E+00,0.000000E+00,0.000000E+00,0.000000E+00,0.000000E+00,2.219886E+01,2.064827E+01,2.161454E+01,6.257401E+01
03:30:00,3.862895E+03,0.000000E+00,1.372629E-01,0.000000E+00,0.000000E+00,0.000000E+00,0.000000E+00,0.000000E+00,0.000000E+00,0.000000E+00,0.000000E+00,0.000000E+00,2.219897E+01,2.232313E+01,2.154246E+01,5.776568E+01,1.626303E+03,0.000000E+00,5.778864E-02,0.000000E+00,0.000000E+00,0.000000E+00,0.000000E+00,0.000000E+00,0.000000E+00,0.000000E+00,0.000000E+00,0.000000E+00,2.219902E+01,2.227504E+01,2.154279E+01,5.839766E+01,3.755171E+03,0.000000E+00,1.334350E-01,0.000000E+00,0.000000E+00,0.000000E+00,0.000000E+00,0.000000E+00,0.000000E+00,0.000000E+00,0.000000E+00,0.000000E+00,2.219896E+01,2.228795E+01,2.149419E+01,5.872156E+01,1.626303E+03,0.000000E+00,5.778864E-02,0.000000E+00,0.000000E+00,0.000000E+00,0.000000E+00,0.000000E+00,0.000000E+00,0.000000E+00,0.000000E+00,0.000000E+00,2.219902E+01,2.227504E+01,2.156394E+01,5.511263E+01,2.983690E+03,0.000000E+00,1.060211E-01,0.000000E+00,0.000000E+00,0.000000E+00,0.000000E+00,0.000000E+00,0.000000E+00,0.000000E+00,0.000000E+00,0.000000E+00,2.219886E+01,2.064827E+01,2.157854E+01,6.271200E+01
03:45:00,3.862895E+03,0.000000E+00,1.372629E-01,0.000000E+00,0.000000E+00,0.000000E+00,0.000000E+00,0.000000E+00,0.000000E+00,0.000000E+00,0.000000E+00,0.000000E+00,2.219897E+01,2.232313E+01,2.149929E+01,5.791856E+01,1.626303E+03,0.000000E+00,5.778864E-02,0.000000E+00,0.000000E+00,0.000000E+00,0.000000E+00,0.000000E+00,0.000000E+00,0.000000E+00,0.000000E+00,0.000000E+00,2.219902E+01,2.227504E+01,2.149906E+01,5.855423E+01,3.755171E+03,0.000000E+00,1.334350E-01,0.000000E+00,0.000000E+00,0.000000E+00,0.000000E+00,0.000000E+00,0.000000E+00,0.000000E+00,0.000000E+00,0.000000E+00,2.219896E+01,2.228795E+01,2.145123E+01,5.887628E+01,1.626303E+03,0.000000E+00,5.778864E-02,0.000000E+00,0.000000E+00,0.000000E+00,0.000000E+00,0.000000E+00,0.000000E+00,0.000000E+00,0.000000E+00,0.000000E+00,2.219902E+01,2.227504E+01,2.151743E+01,5.526977E+01,2.983690E+03,0.000000E+00,1.060211E-01,0.000000E+00,0.000000E+00,0.000000E+00,0.000000E+00,0.000000E+00,0.000000E+00,0.000000E+00,0.000000E+00,0.000000E+00,2.219886E+01,2.064827E+01,2.154409E+01,6.284433E+01
04:00:00,3.862895E+03,0.000000E+00,1.372629E-01,0.000000E+00,0.000000E+00,0.000000E+00,0.000000E+00,0.000000E+00,0.000000E+00,0.000000E+00,0.000000E+00,0.000000E+00,2.219897E+01,2.232313E+01,2.145777E+01,5.806603E+01,1.626303E+03,0.000000E+00,5.778864E-02,0.000000E+00,0.000000E+00,0.000000E+00,0.000000E+00,0.000000E+00,0.000000E+00,0.000000E+00,0.000000E+00,0.000000E+00,2.219902E+01,2.227504E+01,2.145703E+01,5.870514E+01,3.755171E+03,0.000000E+00,1.334350E-01,0.000000E+00,0.000000E+00,0.000000E+00,0.000000E+00,0.000000E+00,0.000000E+00,0.000000E+00,0.000000E+00,0.000000E+00,2.219896E+01,2.228795E+01,2.140990E+01,5.902553E+01,1.626303E+03,0.000000E+00,5.778864E-02,0.000000E+00,0.000000E+00,0.000000E+00,0.000000E+00,0.000000E+00,0.000000E+00,0.000000E+00,0.000000E+00,0.000000E+00,2.219902E+01,2.227504E+01,2.147299E+01,5.542038E+01,2.983690E+03,0.000000E+00,1.060211E-01,0.000000E+00,0.000000E+00,0.000000E+00,0.000000E+00,0.000000E+00,0.000000E+00,0.000000E+00,0.000000E+00,0.000000E+00,2.219886E+01,2.064827E+01,2.151108E+01,6.297146E+01
04:15:00,3.862895E+03,0.000000E+00,1.372629E-01,0.000000E+00,0.000000E+00,0.000000E+00,0.000000E+00,0.000000E+00,0.000000E+00,0.000000E+00,0.000000E+00,0.000000E+00,2.219897E+01,2.232313E+01,2.141777E+01,5.820847E+01,1.626303E+03,0.000000E+00,5.778864E-02,0.000000E+00,0.000000E+00,0.000000E+00,0.000000E+00,0.000000E+00,0.000000E+00,0.000000E+00,0.000000E+00,0.000000E+00,2.219902E+01,2.227504E+01,2.141660E+01,5.885073E+01,3.755171E+03,0.000000E+00,1.334350E-01,0.000000E+00,0.000000E+00,0.000000E+00,0.000000E+00,0.000000E+00,0.000000E+00,0.000000E+00,0.000000E+00,0.000000E+00,2.219896E+01,2.228795E+01,2.137010E+01,5.916969E+01,1.626303E+03,0.000000E+00,5.778864E-02,0.000000E+00,0.000000E+00,0.000000E+00,0.000000E+00,0.000000E+00,0.000000E+00,0.000000E+00,0.000000E+00,0.000000E+00,2.219902E+01,2.227504E+01,2.143046E+01,5.556495E+01,2.983690E+03,0.000000E+00,1.060211E-01,0.000000E+00,0.000000E+00,0.000000E+00,0.000000E+00,0.000000E+00,0.000000E+00,0.000000E+00,0.000000E+00,0.000000E+00,2.219886E+01,2.064827E+01,2.147942E+01,6.309366E+01
04:30:00,3.862895E+03,0.000000E+00,1.372629E-01,0.000000E+00,0.000000E+00,0.000000E+00,0.000000E+00,0.000000E+00,0.000000E+00,0.000000E+00,0.000000E+00,0.000000E+00,2.219897E+01,2.232313E+01,2.137989E+01,5.834376E+01,1.626303E+03,0.000000E+00,5.778864E-02,0.000000E+00,0.000000E+00,0.000000E+00,0.000000E+00,0.000000E+00,0.000000E+00,0.000000E+00,0.000000E+00,0.000000E+00,2.219902E+01,2.227504E+01,2.137816E+01,5.898953E+01,3.755171E+03,0.000000E+00,1.334350E-01,0.000000E+00,0.000000E+00,0.000000E+00,0.000000E+00,0.000000E+00,0.000000E+00,0.000000E+00,0.000000E+00,0.000000E+00,2.219896E+01,2.228795E+01,2.133235E+01,5.930678E+01,1.626303E+03,0.000000E+00,5.778864E-02,0.000000E+00,0.000000E+00,0.000000E+00,0.000000E+00,0.000000E+00,0.000000E+00,0.000000E+00,0.000000E+00,0.000000E+00,2.219902E+01,2.227504E+01,2.139019E+01,5.570220E+01,2.983690E+03,0.000000E+00,1.060211E-01,0.000000E+00,0.000000E+00,0.000000E+00,0.000000E+00,0.000000E+00,0.000000E+00,0.000000E+00,0.000000E+00,0.000000E+00,2.219886E+01,2.064827E+01,2.144906E+01,6.321112E+01
04:45:00,3.862895E+03,0.000000E+00,1.372629E-01,0.000000E+00,0.000000E+00,0.000000E+00,0.000000E+00,0.000000E+00,0.000000E+00,0.000000E+00,0.000000E+00,0.000000E+00,2.219897E+01,2.232313E+01,2.134405E+01,5.847207E+01,1.626303E+03,0.000000E+00,5.778864E-02,0.000000E+00,0.000000E+00,0.000000E+00,0.000000E+00,0.000000E+00,0.000000E+00,0.000000E+00,0.000000E+00,0.000000E+00,2.219902E+01,2.227504E+01,2.134164E+01,5.912173E+01,3.755171E+03,0.000000E+00,1.334350E-01,0.000000E+00,0.000000E+00,0.000000E+00,0.000000E+00,0.000000E+00,0.000000E+00,0.000000E+00,0.000000E+00,0.000000E+00,2.219896E+01,2.228795E+01,2.129660E+01,5.943692E+01,1.626303E+03,0.000000E+00,5.778864E-02,0.000000E+00,0.000000E+00,0.000000E+00,0.000000E+00,0.000000E+00,0.000000E+00,0.000000E+00,0.000000E+00,0.000000E+00,2.219902E+01,2.227504E+01,2.135209E+01,5.583244E+01,2.983690E+03,0.000000E+00,1.060211E-01,0.000000E+00,0.000000E+00,0.000000E+00,0.000000E+00,0.000000E+00,0.000000E+00,0.000000E+00,0.000000E+00,0.000000E+00,2.219886E+01,2.064827E+01,2.141993E+01,6.332400E+01
05:00:00,3.862895E+03,0.000000E+00,1.372629E-01,0.000000E+00,0.000000E+00,0.000000E+00,0.000000E+00,0.000000E+00,0.000000E+00,0.000000E+00,0.000000E+00,0.000000E+00,2.219897E+01,2.232313E+01,2.130990E+01,5.859462E+01,1.626303E+03,0.000000E+00,5.778864E-02,0.000000E+00,0.000000E+00,0.000000E+00,0.000000E+00,0.000000E+00,0.000000E+00,0.000000E+00,0.000000E+00,0.000000E+00,2.219902E+01,2.227504E+01,2.130676E+01,5.924830E+01,3.755171E+03,0.000000E+00,1.334350E-01,0.000000E+00,0.000000E+00,0.000000E+00,0.000000E+00,0.000000E+00,0.000000E+00,0.000000E+00,0.000000E+00,0.000000E+00,2.219896E+01,2.228795E+01,2.126252E+01,5.956129E+01,1.626303E+03,0.000000E+00,5.778864E-02,0.000000E+00,0.000000E+00,0.000000E+00,0.000000E+00,0.000000E+00,0.000000E+00,0.000000E+00,0.000000E+00,0.000000E+00,2.219902E+01,2.227504E+01,2.131584E+01,5.595667E+01,2.983690E+03,0.000000E+00,1.060211E-01,0.000000E+00,0.000000E+00,0.000000E+00,0.000000E+00,0.000000E+00,0.000000E+00,0.000000E+00,0.000000E+00,0.000000E+00,2.219886E+01,2.064827E+01,2.139201E+01,6.343244E+01
05:15:00,3.862895E+03,0.000000E+00,1.372629E-01,0.000000E+00,0.000000E+00,0.000000E+00,0.000000E+00,0.000000E+00,0.000000E+00,0.000000E+00,0.000000E+00,0.000000E+00,2.219897E+01,2.232313E+01,2.127719E+01,5.871230E+01,1.626303E+03,0.000000E+00,5.778864E-02,0.000000E+00,0.000000E+00,0.000000E+00,0.000000E+00,0.000000E+00,0.000000E+00,0.000000E+00,0.000000E+00,0.000000E+00,2.219902E+01,2.227504E+01,2.127334E+01,5.936987E+01,3.755171E+03,0.000000E+00,1.334350E-01,0.000000E+00,0.000000E+00,0.000000E+00,0.000000E+00,0.000000E+00,0.000000E+00,0.000000E+00,0.000000E+00,0.000000E+00,2.219896E+01,2.228795E+01,2.122987E+01,5.968074E+01,1.626303E+03,0.000000E+00,5.778864E-02,0.000000E+00,0.000000E+00,0.000000E+00,0.000000E+00,0.000000E+00,0.000000E+00,0.000000E+00,0.000000E+00,0.000000E+00,2.219902E+01,2.227504E+01,2.128122E+01,5.607558E+01,2.983690E+03,0.000000E+00,1.060211E-01,0.000000E+00,0.000000E+00,0.000000E+00,0.000000E+00,0.000000E+00,0.000000E+00,0.000000E+00,0.000000E+00,0.000000E+00,2.219886E+01,2.064827E+01,2.136524E+01,6.353660E+01
05:30:00,3.862895E+03,0.000000E+00,1.372629E-01,0.000000E+00,0.000000E+00,0.000000E+00,0.000000E+00,0.000000E+00,0.000000E+00,0.000000E+00,0.000000E+00,0.000000E+00,2.219897E+01,2.232313E+01,2.124830E+01,5.881644E+01,1.626303E+03,0.000000E+00,5.778864E-02,0.000000E+00,0.000000E+00,0.000000E+00,0.000000E+00,0.000000E+00,0.000000E+00,0.000000E+00,0.000000E+00,0.000000E+00,2.219902E+01,2.227504E+01,2.124317E+01,5.947983E+01,3.755171E+03,0.000000E+00,1.334350E-01,0.000000E+00,0.000000E+00,0.000000E+00,0.000000E+00,0.000000E+00,0.000000E+00,0.000000E+00,0.000000E+00,0.000000E+00,2.219896E+01,2.228795E+01,2.120095E+01,5.978674E+01,1.626303E+03,0.000000E+00,5.778864E-02,0.000000E+00,0.000000E+00,0.000000E+00,0.000000E+00,0.000000E+00,0.000000E+00,0.000000E+00,0.000000E+00,0.000000E+00,2.219902E+01,2.227504E+01,2.124998E+01,5.618317E+01,2.983690E+03,0.000000E+00,1.060211E-01,0.000000E+00,0.000000E+00,0.000000E+00,0.000000E+00,0.000000E+00,0.000000E+00,0.000000E+00,0.000000E+00,0.000000E+00,2.219886E+01,2.064827E+01,2.133959E+01,6.363658E+01
05:45:00,3.862895E+03,0.000000E+00,1.372629E-01,0.000000E+00,0.000000E+00,0.000000E+00,0.000000E+00,0.000000E+00,0.000000E+00,0.000000E+00,0.000000E+00,0.000000E+00,2.219897E+01,2.232313E+01,2.123414E+01,5.886757E+01,1.626303E+03,0.000000E+00,5.778864E-02,0.000000E+00,0.000000E+00,0.000000E+00,0.000000E+00,0.000000E+00,0.000000E+00,0.000000E+00,0.000000E+00,0.000000E+00,2.219902E+01,2.227504E+01,2.138136E+01,5.897796E+01,3.755171E+03,0.000000E+00,1.334350E-01,0.000000E+00,0.000000E+00,0.000000E+00,0.000000E+00,0.000000E+00,0.000000E+00,0.000000E+00,0.000000E+00,0.000000E+00,2.219896E+01,2.228795E+01,2.139936E+01,5.906366E+01,1.626303E+03,0.000000E+00,5.778864E-02,0.000000E+00,0.000000E+00,0.000000E+00,0.000000E+00,0.000000E+00,0.000000E+00,0.000000E+00,0.000000E+00,0.000000E+00,2.219902E+01,2.227504E+01,2.123698E+01,5.622797E+01,2.983690E+03,0.000000E+00,1.060211E-01,0.000000E+00,0.000000E+00,0.000000E+00,0.000000E+00,0.000000E+00,0.000000E+00,0.000000E+00,0.000000E+00,0.000000E+00,2.219886E+01,2.064827E+01,2.131008E+01,6.375184E+01
06:00:00,3.862895E+03,0.000000E+00,1.372629E-01,0.000000E+00,0.000000E+00,0.000000E+00,0.000000E+00,0.000000E+00,0.000000E+00,0.000000E+00,0.000000E+00,0.000000E+00,2.219897E+01,2.232313E+01,2.125667E+01,5.878624E+01,1.626303E+03,0.000000E+00,5.778864E-02,0.000000E+00,0.000000E+00,0.000000E+00,0.000000E+00,0.000000E+00,0.000000E+00,0.000000E+00,0.000000E+00,0.000000E+00,2.219902E+01,2.227504E+01,2.172907E+01,5.773604E+01,3.755171E+03,0.000000E+00,1.334350E-01,0.000000E+00,0.000000E+00,0.000000E+00,0.000000E+00,0.000000E+00,0.000000E+00,0.000000E+00,0.000000E+00,0.000000E+00,2.219896E+01,2.228795E+01,2.184712E+01,5.746780E+01,1.626303E+03,0.000000E+00,5.778864E-02,0.000000E+00,0.000000E+00,0.000000E+00,0.000000E+00,0.000000E+00,0.000000E+00,0.000000E+00,0.000000E+00,0.000000E+00,2.219902E+01,2.227504E+01,2.126835E+01,5.611988E+01,2.983690E+03,0.000000E+00,1.060211E-01,0.000000E+00,0.000000E+00,0.000000E+00,0.000000E+00,0.000000E+00,0.000000E+00,0.000000E+00,0.000000E+00,0.000000E+00,2.219886E+01,2.064827E+01,2.129620E+01,6.380612E+01
06:15:00,3.862895E+03,0.000000E+00,1.372629E-01,0.000000E+00,0.000000E+00,0.000000E+00,0.000000E+00,0.000000E+00,0.000000E+00,0.000000E+00,0.000000E+00,0.000000E+00,2.219897E+01,2.232313E+01,2.131841E+01,5.856405E+01,1.626303E+03,0.000000E+00,5.778864E-02,0.000000E+00,0.000000E+00,0.000000E+00,0.000000E+00,0.000000E+00,0.000000E+00,0.000000E+00,0.000000E+00,0.000000E+00,2.219902E+01,2.227504E+01,2.230613E+01,5.573939E+01,3.755171E+03,0.000000E+00,1.334350E-01,0.000000E+00,0.000000E+00,0.000000E+00,0.000000E+00,0.000000E+00,0.000000E+00,0.000000E+00,0.000000E+00,0.000000E+00,2.219896E+01,2.228795E+01,2.251443E+01,5.517870E+01,1.626303E+03,0.000000E+00,5.778864E-02,0.000000E+00,0.000000E+00,0.000000E+00,0.000000E+00,0.000000E+00,0.000000E+00,0.000000E+00,0.000000E+00,0.000000E+00,2.219902E+01,2.227504E+01,2.134767E+01,5.584758E+01,2.983690E+03,0.000000E+00,1.060211E-01,0.000000E+00,0.000000E+00,0.000000E+00,0.000000E+00,0.000000E+00,0.000000E+00,0.000000E+00,0.000000E+00,0.000000E+00,2.219886E+01,2.064827E+01,2.129702E+01,6.380293E+01
06:30:00,3.862895E+03,0.000000E+00,1.372629E-01,0.000000E+00,0.000000E+00,0.000000E+00,0.000000E+00,0.000000E+00,0.000000E+00,0.000000E+00,0.000000E+00,0.000000E+00,2.219897E+01,2.232313E+01,2.140254E+01,5.826282E+01,1.626303E+03,0.000000E+00,5.778864E-02,0.000000E+00,0.000000E+00,0.000000E+00,0.000000E+00,0.000000E+00,0.000000E+00,0.000000E+00,0.000000E+00,0.000000E+00,2.219902E+01,2.227504E+01,2.292494E+01,5.368423E+01,3.755171E+03,0.000000E+00,1.334350E-01,0.000000E+00,0.000000E+00,0.000000E+00,0.000000E+00,0.000000E+00,0.000000E+00,0.000000E+00,0.000000E+00,0.000000E+00,2.219896E+01,2.228795E+01,2.316000E+01,5.306146E+01,1.626303E+03,0.000000E+00,5.778864E-02,0.000000E+00,0.000000E+00,0.000000E+00,0.000000E+00,0.000000E+00,0.000000E+00,0.000000E+00,0.000000E+00,0.000000E+00,2.219902E+01,2.227504E+01,2.145155E+01,5.549317E+01,2.983690E+03,0.000000E+00,1.060211E-01,0.000000E+00,0.000000E+00,0.000000E+00,0.000000E+00,0.000000E+00,0.000000E+00,0.000000E+00,0.000000E+00,0.000000E+00,2.219886E+01,2.064827E+01,2.131918E+01,6.371626E+01
06:45:00,3.862895E+03,0.000000E+00,1.372629E-01,0.000000E+00,0.000000E+00,0.000000E+00,0.000000E+00,0.000000E+00,0.000000E+00,0.000000E+00,0.000000E+00,0.000000E+00,2.219897E+01,2.232313E+01,2.150239E+01,5.790757E+01,1.626303E+03,1.289638E+01,5.778864E-02,1.275857E-03,0.000000E+00,0.000000E+00,0.000000E+00,0.000000E+00,0.000000E+00,0.000000E+00,0.000000E+00,0.000000E+00,2.219902E+01,2.227504E+01,2.358082E+01,5.159861E+01,3.755171E+03,5.022580E+01,1.334350E-01,4.984753E-03,0.000000E+00,0.000000E+00,0.000000E+00,0.000000E+00,0.000000E+00,0.000000E+00,0.000000E+00,0.000000E+00,2.219896E+01,2.228795E+01,2.372516E+01,5.126137E+01,1.626303E+03,0.000000E+00,5.778864E-02,0.000000E+00,0.000000E+00,0.000000E+00,0.000000E+00,0.000000E+00,0.000000E+00,0.000000E+00,0.000000E+00,0.000000E+00,2.219902E+01,2.227504E+01,2.157305E+01,5.508192E+01,2.983690E+03,0.000000E+00,1.060211E-01,0.000000E+00,0.000000E+00,0.000000E+00,0.000000E+00,0.000000E+00,0.000000E+00,0.000000E+00,0.000000E+00,0.000000E+00,2.219886E+01,2.064827E+01,2.135901E+01,6.356087E+01
07:00:00,3.862895E+03,0.000000E+00,1.372629E-01,0.000000E+00,0.000000E+00,0.000000E+00,0.000000E+00,0.000000E+00,0.000000E+00,0.000000E+00,0.000000E+00,0.000000E+00,2.219897E+01,2.232313E+01,2.157823E+01,5.763937E+01,1.626303E+03,9.447457E+01,5.778864E-02,9.342272E-03,0.000000E+00,0.000000E+00,0.000000E+00,0.000000E+00,0.000000E+00,0.000000E+00,0.000000E+00,0.000000E+00,2.219902E+01,2.227504E+01,2.389977E+01,5.055533E+01,3.755171E+03,2.029289E+02,1.334350E-01,2.008380E-02,0.000000E+00,0.000000E+00,0.000000E+00,0.000000E+00,0.000000E+00,0.000000E+00,0.000000E+00,0.000000E+00,2.219896E+01,2.228795E+01,2.389988E+01,5.059793E+01,1.626303E+03,0.000000E+00,5.778864E-02,0.000000E+00,0.000000E+00,0.000000E+00,0.000000E+00,0.000000E+00,0.000000E+00,0.000000E+00,0.000000E+00,0.000000E+00,2.219902E+01,2.227504E+01,2.166334E+01,5.477848E+01,2.983690E+03,0.000000E+00,1.060211E-01,0.000000E+00,0.000000E+00,0.000000E+00,0.000000E+00,0.000000E+00,0.000000E+00,0.000000E+00,0.000000E+00,0.000000E+00,2.219886E+01,2.064827E+01,2.139548E+01,6.341895E+01
07:15:00,3.862895E+03,0.000000E+00,1.372629E-01,0.000000E+00,0.000000E+00,0.000000E+00,0.000000E+00,0.000000E+00,0.000000E+00,0.000000E+00,0.000000E+00,0.000000E+00,2.219897E+01,2.232313E+01,2.166236E+01,5.734348E+01,1.626303E+03,2.044515E+02,5.778864E-02,2.021711E-02,0.000000E+00,0.000000E+00,0.000000E+00,0.000000E+00,0.000000E+00,0.000000E+00,0.000000E+00,0.000000E+00,2.219902E+01,2.227504E+01,2.389944E+01,5.023476E+01,3.755171E+03,3.784726E+02,1.334350E-01,3.744197E-02,0.000000E+00,0.000000E+00,0.000000E+00,0.000000E+00,0.000000E+00,0.000000E+00,0.000000E+00,0.000000E+00,2.219896E+01,2.228795E+01,2.389950E+01,5.033793E+01,1.626303E+03,0.000000E+00,5.778864E-02,0.000000E+00,0.000000E+00,0.000000E+00,0.000000E+00,0.000000E+00,0.000000E+00,0.000000E+00,0.000000E+00,0.000000E+00,2.219902E+01,2.227504E+01,2.176404E+01,5.444233E+01,2.983690E+03,0.000000E+00,1.060211E-01,0.000000E+00,0.000000E+00,0.000000E+00,0.000000E+00,0.000000E+00,0.000000E+00,0.000000E+00,0.000000E+00,0.000000E+00,2.219886E+01,2.064827E+01,2.143856E+01,6.325179E+01
07:30:00,3.862895E+03,0.000000E+00,1.372629E-01,0.000000E+00,0.000000E+00,0.000000E+00,0.000000E+00,0.000000E+00,0.000000E+00,0.000000E+00,0.000000E+00,0.000000E+00,2.219897E+01,2.232313E+01,2.179059E+01,5.689574E+01,1.626303E+03,3.537355E+02,5.778864E-02,3.497893E-02,0.000000E+00,0.000000E+00,0.000000E+00,0.000000E+00,0.000000E+00,0.000000E+00,0.000000E+00,0.000000E+00,2.219902E+01,2.227504E+01,2.389931E+01,4.964304E+01,3.755171E+03,5.995199E+02,1.334350E-01,5.929971E-02,0.000000E+00,0.000000E+00,0.000000E+00,0.000000E+00,0.000000E+00,0.000000E+00,0.000000E+00,0.000000E+00,2.219896E+01,2.228795E+01,2.389946E+01,4.985702E+01,1.626303E+03,0.000000E+00,5.778864E-02,0.000000E+00,0.000000E+00,0.000000E+00,0.000000E+00,0.000000E+00,0.000000E+00,0.000000E+00,0.000000E+00,0.000000E+00,2.219902E+01,2.227504E+01,2.190930E+01,5.396146E+01,2.983690E+03,0.000000E+00,1.060211E-01,0.000000E+00,0.000000E+00,0.000000E+00,0.000000E+00,0.000000E+00,0.000000E+00,0.000000E+00,0.000000E+00,0.000000E+00,2.219886E+01,2.064827E+01,2.150401E+01,6.299874E+01
07:45:00,3.862895E+03,0.000000E+00,1.372629E-01,0.000000E+00,0.000000E+00,0.000000E+00,0.000000E+00,0.000000E+00,0.000000E+00,0.000000E+00,0.000000E+00,0.000000E+00,2.219897E+01,2.232313E+01,2.193096E+01,5.641017E+01,1.626303E+03,5.347176E+02,5.778864E-02,5.287466E-02,0.000000E+00,0.000000E+00,0.000000E+00,0.000000E+00,0.000000E+00,0.000000E+00,0.000000E+00,0.000000E+00,2.219902E+01,2.227504E+01,2.389927E+01,4.899569E+01,3.755171E+03,7.945973E+02,1.334350E-01,7.857125E-02,0.000000E+00,0.000000E+00,0.000000E+00,0.000000E+00,0.000000E+00,0.000000E+00,0.000000E+00,0.000000E+00,2.219896E+01,2.228795E+01,2.389944E+01,4.934290E+01,1.626303E+03,0.000000E+00,5.778864E-02,0.000000E+00,0.000000E+00,0.000000E+00,0.000000E+00,0.000000E+00,0.000000E+00,0.000000E+00,0.000000E+00,0.000000E+00,2.219902E+01,2.227504E+01,2.206122E+01,5.346368E+01,2.983690E+03,0.000000E+00,1.060211E-01,0.000000E+00,0.000000E+00,0.000000E+00,0.000000E+00,0.000000E+00,0.000000E+00,0.000000E+00,0.000000E+00,0.000000E+00,2.219886E+01,2.064827E+01,2.157196E+01,6.273723E+01
08:00:00,3.862895E+03,0.000000E+00,1.372629E-01,0.000000E+00,0.000000E+00,0.000000E+00,0.000000E+00,0.000000E+00,0.000000E+00,0.000000E+00,0.000000E+00,0.000000E+00,2.219897E+01,2.232313E+01,2.207974E+01,5.590058E+01,1.626303E+03,6.809979E+02,5.778864E-02,6.733951E-02,0.000000E+00,0.000000E+00,0.000000E+00,0.000000E+00,0.000000E+00,0.000000E+00,0.000000E+00,0.000000E+00,2.219902E+01,2.227504E+01,2.389945E+01,4.843256E+01,3.755171E+03,8.993795E+02,1.334350E-01,8.893288E-02,0.000000E+00,0.000000E+00,0.000000E+00,0.000000E+00,0.000000E+00,0.000000E+00,0.000000E+00,0.000000E+00,2.219896E+01,2.228795E+01,2.389951E+01,4.888345E+01,1.626303E+03,0.000000E+00,5.778864E-02,0.000000E+00,0.000000E+00,0.000000E+00,0.000000E+00,0.000000E+00,0.000000E+00,0.000000E+00,0.000000E+00,0.000000E+00,2.219902E+01,2.227504E+01,2.221684E+01,5.295911E+01,2.983690E+03,0.000000E+00,1.060211E-01,0.000000E+00,0.000000E+00,0.000000E+00,0.000000E+00,0.000000E+00,0.000000E+00,0.000000E+00,0.000000E+00,0.000000E+00,2.219886E+01,2.064827E+01,2.163943E+01,6.247877E+01
08:15:00,3.862895E+03,1.266677E+00,1.372629E-01,1.283628E-04,0.000000E+00,0.000000E+00,0.000000E+00,0.000000E+00,0.000000E+00,0.000000E+00,0.000000E+00,0.000000E+00,2.219897E+01,2.232313E+01,2.295685E+01,5.387015E+01,1.626303E+03,9.507339E+02,5.778864E-02,9.401087E-02,0.000000E+00,0.000000E+00,0.000000E+00,0.000000E+00,0.000000E+00,0.000000E+00,0.000000E+00,0.000000E+00,2.219902E+01,2.227504E+01,2.389968E+01,4.868876E+01,3.755171E+03,1.250634E+03,1.334350E-01,1.236648E-01,0.000000E+00,0.000000E+00,0.000000E+00,0.000000E+00,0.000000E+00,0.000000E+00,0.000000E+00,0.000000E+00,2.219896E+01,2.228795E+01,2.389966E+01,4.916976E+01,1.626303E+03,5.969672E+00,5.778864E-02,5.984689E-04,0.000000E+00,0.000000E+00,0.000000E+00,0.000000E+00,0.000000E+00,0.000000E+00,0.000000E+00,0.000000E+00,2.219902E+01,2.227504E+01,2.308996E+01,5.114952E+01,2.983690E+03,0.000000E+00,1.060211E-01,0.000000E+00,0.000000E+00,0.000000E+00,0.000000E+00,0.000000E+00,0.000000E+00,0.000000E+00,0.000000E+00,0.000000E+00,2.219886E+01,2.064827E+01,2.243668E+01,6.033592E+01
08:30:00,3.862895E+03,1.487933E+02,1.372629E-01,1.498175E-02,0.000000E+00,0.000000E+00,0.000000E+00,0.000000E+00,0.000000E+00,0.000000E+00,0.000000E+00,0.000000E+00,2.219897E+01,2.232313E+01,2.376444E+01,5.372862E+01,1.626303E+03,1.220567E+03,5.778864E-02,1.206937E-01,0.000000E+00,0.000000E+00,0.000000E+00,0.000000E+00,0.000000E+00,0.000000E+00,0.000000E+00,0.000000E+00,2.219902E+01,2.227504E+01,2.389916E+01,4.991993E+01,3.755171E+03,1.580328E+03,1.334350E-01,1.562670E-01,0.000000E+00,0.000000E+00,0.000000E+00,0.000000E+00,0.000000E+00,0.000000E+00,0.000000E+00,0.000000E+00,2.219896E+01,2.228795E+01,2.389926E+01,5.069901E+01,1.626303E+03,7.313675E+01,5.778864E-02,7.322058E-03,0.000000E+00,0.000000E+00,0.000000E+00,0.000000E+00,0.000000E+00,0.000000E+00,0.000000E+00,0.000000E+00,2.219902E+01,2.227504E+01,2.378979E+01,5.170953E+01,2.983690E+03,1.971612E+02,1.060211E-01,1.956849E-02,0.000000E+00,0.000000E+00,0.000000E+00,0.000000E+00,0.000000E+00,0.000000E+00,0.000000E+00,0.000000E+00,2.219886E+01,2.064827E+01,2.365003E+01,5.833102E+01
08:45:00,3.862895E+03,3.555234E+02,1.372629E-01,3.542353E-02,0.000000E+00,0.000000E+00,0.000000E+00,0.000000E+00,0.000000E+00,0.000000E+00,0.000000E+00,0.000000E+00,2.219897E+01,2.232313E+01,2.389958E+01,5.501609E+01,1.626303E+03,1.476991E+03,5.778864E-02,1.460517E-01,0.000000E+00,0.000000E+00,0.000000E+00,0.000000E+00,0.000000E+00,0.000000E+00,0.000000E+00,0.000000E+00,2.219902E+01,2.227504E+01,2.389892E+01,5.036169E+01,3.755171E+03,1.897019E+03,1.334350E-01,1.875846E-01,0.000000E+00,0.000000E+00,0.000000E+00,0.000000E+00,0.000000E+00,0.000000E+00,0.000000E+00,0.000000E+00,2.219896E+01,2.228795E+01,2.389904E+01,5.150936E+01,1.626303E+03,1.677816E+02,5.778864E-02,1.668060E-02,0.000000E+00,0.000000E+00,0.000000E+00,0.000000E+00,0.000000E+00,0.000000E+00,0.000000E+00,0.000000E+00,2.219902E+01,2.227504E+01,2.389967E+01,5.337520E+01,2.983690E+03,5.031716E+02,1.060211E-01,4.982781E-02,0.000000E+00,0.000000E+00,0.000000E+00,0.000000E+00,0.000000E+00,0.000000E+00,0.000000E+00,0.000000E+00,2.219886E+01,2.064827E+01,2.389940E+01,5.883330E+01
09:00:00,3.862895E+03,5.777409E+02,1.372629E-01,5.739946E-02,0.000000E+00,0.000000E+00,0.000000E+00,0.000000E+00,0.000000E+00,0.000000E+00,0.000000E+00,0.000000E+00,2.219897E+01,2.232313E+01,2.389835E+01,5.622698E+01,1.626303E+03,1.723001E+03,5.778864E-02,1.703855E-01,0.000000E+00,0.000000E+00,0.000000E+00,0.000000E+00,0.000000E+00,0.000000E+00,0.000000E+00,0.000000E+00,2.219902E+01,2.227504E+01,2.389784E+01,5.057074E+01,3.755171E+03,2.202354E+03,1.334350E-01,2.177866E-01,0.000000E+00,0.000000E+00,0.000000E+00,0.000000E+00,0.000000E+00,0.000000E+00,0.000000E+00,0.000000E+00,2.219896E+01,2.228795E+01,2.389775E+01,5.208073E+01,1.626303E+03,2.752492E+02,5.778864E-02,2.730806E-02,0.000000E+00,0.000000E+00,0.000000E+00,0.000000E+00,0.000000E+00,0.000000E+00,0.000000E+00,0.000000E+00,2.219902E+01,2.227504E+01,2.389874E+01,5.486269E+01,2.983690E+03,7.037002E+02,1.060211E-01,6.965935E-02,0.000000E+00,0.000000E+00,0.000000E+00,0.000000E+00,0.000000E+00,0.000000E+00,0.000000E+00,0.000000E+00,2.219886E+01,2.064827E+01,2.389809E+01,5.993186E+01
09:15:00,3.862895E+03,9.501035E+02,1.372629E-01,9.422251E-02,0.000000E+00,0.000000E+00,0.000000E+00,0.000000E+00,0.000000E+00,0.000000E+00,0.000000E+00,0.000000E+00,2.219897E+01,2.232313E+01,2.389786E+01,5.743215E+01,1.626303E+03,1.878407E+03,5.778864E-02,1.857644E-01,0.000000E+00,0.000000E+00,0.000000E+00,0.000000E+00,0.000000E+00,0.000000E+00,0.000000E+00,0.000000E+00,2.219902E+01,2.227504E+01,2.389737E+01,5.043014E+01,3.755171E+03,2.333191E+03,1.334350E-01,2.307399E-01,0.000000E+00,0.000000E+00,0.000000E+00,0.000000E+00,0.000000E+00,0.000000E+00,0.000000E+00,0.000000E+00,2.219896E+01,2.228795E+01,2.389724E+01,5.239922E+01,1.626303E+03,4.426576E+02,5.778864E-02,4.385594E-02,0.000000E+00,0.000000E+00,0.000000E+00,0.000000E+00,0.000000E+00,0.000000E+00,0.000000E+00,0.000000E+00,2.219902E+01,2.227504E+01,2.389815E+01,5.638463E+01,2.983690E+03,1.190553E+03,1.060211E-01,1.178050E-01,0.000000E+00,0.000000E+00,0.000000E+00,0.000000E+00,0.000000E+00,0.000000E+00,0.000000E+00,0.000000E+00,2.219886E+01,2.064827E+01,2.389857E+01,6.139648E+01
09:30:00,3.862895E+03,1.209548E+03,1.372629E-01,1.196254E-01,0.000000E+00,0.000000E+00,0.000000E+00,0.000000E+00,0.000000E+00,0.000000E+00,0.000000E+00,0.000000E+00,2.219897E+01,2.232313E+01,2.389606E+01,5.720921E+01,1.626303E+03,2.003465E+03,5.778864E-02,1.981419E-01,0.000000E+00,0.000000E+00,0.000000E+00,0.000000E+00,0.000000E+00,0.000000E+00,0.000000E+00,0.000000E+00,2.219902E+01,2.227504E+01,2.389711E+01,5.011474E+01,3.755171E+03,2.431721E+03,1.334350E-01,2.405004E-01,0.000000E+00,0.000000E+00,0.000000E+00,0.000000E+00,0.000000E+00,0.000000E+00,0.000000E+00,0.000000E+00,2.219896E+01,2.228795E+01,2.389657E+01,5.221723E+01,1.626303E+03,5.655300E+02,5.778864E-02,5.592957E-02,0.000000E+00,0.000000E+00,0.000000E+00,0.000000E+00,0.000000E+00,0.000000E+00,0.000000E+00,0.000000E+00,2.219902E+01,2.227504E+01,2.389650E+01,5.641955E+01,2.983690E+03,1.504550E+03,1.060211E-01,1.487972E-01,0.000000E+00,0.000000E+00,0.000000E+00,0.000000E+00,0.000000E+00,0.000000E+00,0.000000E+00,0.000000E+00,2.219886E+01,2.064827E+01,2.389632E+01,6.135499E+01
09:45:00,3.862895E+03,1.437614E+03,1.372629E-01,1.421940E-01,0.000000E+00,0.000000E+00,0.000000E+00,0.000000E+00,0.000000E+00,0.000000E+00,0.000000E+00,0.000000E+00,2.219897E+01,2.232313E+01,2.389563E+01,5.626979E+01,1.626303E+03,2.102554E+03,5.778864E-02,2.079497E-01,0.000000E+00,0.000000E+00,0.000000E+00,0.000000E+00,0.000000E+00,0.000000E+00,0.000000E+00,0.000000E+00,2.219902E+01,2.227504E+01,2.389728E+01,4.991550E+01,3.755171E+03,2.507845E+03,1.334350E-01,2.480436E-01,0.000000E+00,0.000000E+00,0.000000E+00,0.000000E+00,0.000000E+00,0.000000E+00,0.000000E+00,0.000000E+00,2.219896E+01,2.228795E+01,2.389660E+01,5.196511E+01,1.626303E+03,6.740163E+02,5.778864E-02,6.666420E-02,0.000000E+00,0.000000E+00,0.000000E+00,0.000000E+00,0.000000E+00,0.000000E+00,0.000000E+00,0.000000E+00,2.219902E+01,2.227504E+01,2.389600E+01,5.567214E+01,2.983690E+03,1.730939E+03,1.060211E-01,1.712071E-01,0.000000E+00,0.000000E+00,0.000000E+00,0.000000E+00,0.000000E+00,0.000000E+00,0.000000E+00,0.000000E+00,2.219886E+01,2.064827E+01,2.389491E+01,6.044125E+01
10:00:00,3.862895E+03,1.674949E+03,1.372629E-01,1.656770E-01,0.000000E+00,0.000000E+00,0.000000E+00,0.000000E+00,0.000000E+00,0.000000E+00,0.000000E+00,0.000000E+00,2.219897E+01,2.232313E+01,2.389572E+01,5.527310E+01,1.626303E+03,2.178176E+03,5.778864E-02,2.154307E-01,0.000000E+00,0.000000E+00,0.000000E+00,0.000000E+00,0.000000E+00,0.000000E+00,0.000000E+00,0.000000E+00,2.219902E+01,2.227504E+01,2.389746E+01,4.985613E+01,3.755171E+03,2.571197E+03,1.334350E-01,2.543151E-01,0.000000E+00,0.000000E+00,0.000000E+00,0.000000E+00,0.000000E+00,0.000000E+00,0.000000E+00,0.000000E+00,2.219896E+01,2.228795E+01,2.389680E+01,5.184755E+01,1.626303E+03,7.805632E+02,5.778864E-02,7.720642E-02,0.000000E+00,0.000000E+00,0.000000E+00,0.000000E+00,0.000000E+00,0.000000E+00,0.000000E+00,0.000000E+00,2.219902E+01,2.227504E+01,2.389602E+01,5.481245E+01,2.983690E+03,2.079992E+03,1.060211E-01,2.057448E-01,0.000000E+00,0.000000E+00,0.000000E+00,0.000000E+00,0.000000E+00,0.000000E+00,0.000000E+00,0.000000E+00,2.219886E+01,2.064827E+01,2.389490E+01,5.935961E+01
10:15:00,3.862895E+03,1.782988E+03,1.372629E-01,1.763710E-01,0.000000E+00,0.000000E+00,0.000000E+00,0.000000E+00,0.000000E+00,0.000000E+00,0.000000E+00,0.000000E+00,2.219897E+01,2.232313E+01,2.389597E+01,5.449101E+01,1.626303E+03,2.189009E+03,5.778864E-02,2.165012E-01,0.000000E+00,0.000000E+00,0.000000E+00,0.000000E+00,0.000000E+00,0.000000E+00,0.000000E+00,0.000000E+00,2.219902E+01,2.227504E+01,2.389755E+01,4.986038E+01,3.755171E+03,2.531762E+03,1.334350E-01,2.504165E-01,0.000000E+00,0.000000E+00,0.000000E+00,0.000000E+00,0.000000E+00,0.000000E+00,0.000000E+00,0.000000E+00,2.219896E+01,2.228795E+01,2.389696E+01,5.185898E+01,1.626303E+03,8.320610E+02,5.778864E-02,8.230365E-02,0.000000E+00,0.000000E+00,0.000000E+00,0.000000E+00,0.000000E+00,0.000000E+00,0.000000E+00,0.000000E+00,2.219902E+01,2.227504E+01,2.389623E+01,5.413379E+01,2.983690E+03,2.161258E+03,1.060211E-01,2.138007E-01,0.000000E+00,0.000000E+00,0.000000E+00,0.000000E+00,0.000000E+00,0.000000E+00,0.000000E+00,0.000000E+00,2.219886E+01,2.064827E+01,2.389515E+01,5.844594E+01
10:30:00,3.862895E+03,1.877784E+03,1.372629E-01,1.857441E-01,0.000000E+00,0.000000E+00,0.000000E+00,0.000000E+00,0.000000E+00,0.000000E+00,0.000000E+00,0.000000E+00,2.219897E+01,2.232313E+01,2.389681E+01,5.381341E+01,1.626303E+03,2.181997E+03,5.778864E-02,2.158037E-01,0.000000E+00,0.000000E+00,0.000000E+00,0.000000E+00,0.000000E+00,0.000000E+00,0.000000E+00,0.000000E+00,2.219902E+01,2.227504E+01,2.389784E+01,4.988420E+01,3.755171E+03,2.495123E+03,1.334350E-01,2.467872E-01,0.000000E+00,0.000000E+00,0.000000E+00,0.000000E+00,0.000000E+00,0.000000E+00,0.000000E+00,0.000000E+00,2.219896E+01,2.228795E+01,2.389742E+01,5.193943E+01,1.626303E+03,8.751337E+02,5.778864E-02,8.656303E-02,0.000000E+00,0.000000E+00,0.000000E+00,0.000000E+00,0.000000E+00,0.000000E+00,0.000000E+00,0.000000E+00,2.219902E+01,2.227504E+01,2.389695E+01,5.354529E+01,2.983690E+03,2.231767E+03,1.060211E-01,2.207756E-01,0.000000E+00,0.000000E+00,0.000000E+00,0.000000E+00,0.000000E+00,0.000000E+00,0.000000E+00,0.000000E+00,2.219886E+01,2.064827E+01,2.389622E+01,5.758803E+01
10:45:00,3.862895E+03,1.961812E+03,1.372629E-01,1.940461E-01,0.000000E+00,0.000000E+00,0.000000E+00,0.000000E+00,0.000000E+00,0.000000E+00,0.000000E+00,0.000000E+00,2.219897E+01,2.232313E+01,2.389760E+01,5.346144E+01,1.626303E+03,2.157025E+03,5.778864E-02,2.133291E-01,0.000000E+00,0.000000E+00,0.000000E+00,0.000000E+00,0.000000E+00,0.000000E+00,0.000000E+00,0.000000E+00,2.219902E+01,2.227504E+01,2.389818E+01,4.991315E+01,3.755171E+03,2.470989E+03,1.334350E-01,2.443921E-01,0.000000E+00,0.000000E+00,0.000000E+00,0.000000E+00,0.000000E+00,0.000000E+00,0.000000E+00,0.000000E+00,2.219896E+01,2.228795E+01,2.389789E+01,5.198576E+01,1.626303E+03,9.133688E+02,5.778864E-02,9.034115E-02,0.000000E+00,0.000000E+00,0.000000E+00,0.000000E+00,0.000000E+00,0.000000E+00,0.000000E+00,0.000000E+00,2.219902E+01,2.227504E+01,2.389766E+01,5.324227E+01,2.983690E+03,2.293589E+03,1.060211E-01,2.268776E-01,0.000000E+00,0.000000E+00,0.000000E+00,0.000000E+00,0.000000E+00,0.000000E+00,0.000000E+00,0.000000E+00,2.219886E+01,2.064827E+01,2.389726E+01,5.712681E+01
11:00:00,3.862895E+03,2.038089E+03,1.372629E-01,2.015806E-01,0.000000E+00,0.000000E+00,0.000000E+00,0.000000E+00,0.000000E+00,0.000000E+00,0.000000E+00,0.000000E+00,2.219897E+01,2.232313E+01,2.389773E+01,5.316229E+01,1.626303E+03,2.115381E+03,5.778864E-02,2.092066E-01,0.000000E+00,0.000000E+00,0.000000E+00,0.000000E+00,0.000000E+00,0.000000E+00,0.000000E+00,0.000000E+00,2.219902E+01,2.227504E+01,2.389822E+01,4.996319E+01,3.755171E+03,2.459126E+03,1.334350E-01,2.432120E-01,0.000000E+00,0.000000E+00,0.000000E+00,0.000000E+00,0.000000E+00,0.000000E+00,0.000000E+00,0.000000E+00,2.219896E+01,2.228795E+01,2.389790E+01,5.201379E+01,1.626303E+03,9.474145E+02,5.778864E-02,9.370453E-02,0.000000E+00,0.000000E+00,0.000000E+00,0.000000E+00,0.000000E+00,0.000000E+00,0.000000E+00,0.000000E+00,2.219902E+01,2.227504E+01,2.389776E+01,5.298171E+01,2.983690E+03,2.349114E+03,1.060211E-01,2.323555E-01,0.000000E+00,0.000000E+00,0.000000E+00,0.000000E+00,0.000000E+00,0.000000E+00,0.000000E+00,0.000000E+00,2.219886E+01,2.064827E+01,2.389740E+01,5.671604E+01
11:15:00,3.862895E+03,2.074915E+03,1.372629E-01,2.052135E-01,0.000000E+00,0.000000E+00,0.000000E+00,0.000000E+00,0.000000E+00,0.000000E+00,0.000000E+00,0.000000E+00,2.219897E+01,2.232313E+01,2.389786E+01,5.287084E+01,1.626303E+03,2.042590E+03,5.778864E-02,2.020037E-01,0.000000E+00,0.000000E+00,0.000000E+00,0.000000E+00,0.000000E+00,0.000000E+00,0.000000E+00,0.000000E+00,2.219902E+01,2.227504E+01,2.389832E+01,4.997115E+01,3.755171E+03,2.425668E+03,1.334350E-01,2.398968E-01,0.000000E+00,0.000000E+00,0.000000E+00,0.000000E+00,0.000000E+00,0.000000E+00,0.000000E+00,0.000000E+00,2.219896E+01,2.228795E+01,2.389798E+01,5.196315E+01,1.626303E+03,9.626170E+02,5.778864E-02,9.520429E-02,0.000000E+00,0.000000E+00,0.000000E+00,0.000000E+00,0.000000E+00,0.000000E+00,0.000000E+00,0.000000E+00,2.219902E+01,2.227504E+01,2.389789E+01,5.271902E+01,2.983690E+03,2.339862E+03,1.060211E-01,2.314265E-01,0.000000E+00,0.000000E+00,0.000000E+00,0.000000E+00,0.000000E+00,0.000000E+00,0.000000E+00,0.000000E+00,2.219886E+01,2.064827E+01,2.389758E+01,5.634753E+01
11:30:00,3.862895E+03,2.102513E+03,1.372629E-01,2.079368E-01,0.000000E+00,0.000000E+00,0.000000E+00,0.000000E+00,0.000000E+00,0.000000E+00,0.000000E+00,0.000000E+00,2.219897E+01,2.232313E+01,2.389803E+01,5.243974E+01,1.626303E+03,1.954761E+03,5.778864E-02,1.933148E-01,0.000000E+00,0.000000E+00,0.000000E+00,0.000000E+00,0.000000E+00,0.000000E+00,0.000000E+00,0.000000E+00,2.219902E+01,2.227504E+01,2.389847E+01,4.983914E+01,3.755171E+03,2.396683E+03,1.334350E-01,2.370259E-01,0.000000E+00,0.000000E+00,0.000000E+00,0.000000E+00,0.000000E+00,0.000000E+00,0.000000E+00,0.000000E+00,2.219896E+01,2.228795E+01,2.389812E+01,5.171454E+01,1.626303E+03,9.741478E+02,5.778864E-02,9.634208E-02,0.000000E+00,0.000000E+00,0.000000E+00,0.000000E+00,0.000000E+00,0.000000E+00,0.000000E+00,0.000000E+00,2.219902E+01,2.227504E+01,2.389805E+01,5.230375E+01,2.983690E+03,2.323609E+03,1.060211E-01,2.298101E-01,0.000000E+00,0.000000E+00,0.000000E+00,0.000000E+00,0.000000E+00,0.000000E+00,0.000000E+00,0.000000E+00,2.219886E+01,2.064827E+01,2.389778E+01,5.588454E+01
11:45:00,3.862895E+03,2.123657E+03,1.372629E-01,2.100250E-01,0.000000E+00,0.000000E+00,0.000000E+00,0.000000E+00,0.000000E+00,0.000000E+00,0.000000E+00,0.000000E+00,2.219897E+01,2.232313E+01,2.389815E+01,5.207685E+01,1.626303E+03,1.854532E+03,5.778864E-02,1.834009E-01,0.000000E+00,0.000000E+00,0.000000E+00,0.000000E+00,0.000000E+00,0.000000E+00,0.000000E+00,0.000000E+00,2.219902E+01,2.227504E+01,2.389858E+01,4.981396E+01,3.755171E+03,2.367979E+03,1.334350E-01,2.341852E-01,0.000000E+00,0.000000E+00,0.000000E+00,0.000000E+00,0.000000E+00,0.000000E+00,0.000000E+00,0.000000E+00,2.219896E+01,2.228795E+01,2.389823E+01,5.150390E+01,1.626303E+03,9.818588E+02,5.778864E-02,9.710341E-02,0.000000E+00,0.000000E+00,0.000000E+00,0.000000E+00,0.000000E+00,0.000000E+00,0.000000E+00,0.000000E+00,2.219902E+01,2.227504E+01,2.389817E+01,5.195857E+01,2.983690E+03,2.301465E+03,1.060211E-01,2.276164E-01,0.000000E+00,0.000000E+00,0.000000E+00,0.000000E+00,0.000000E+00,0.000000E+00,0.000000E+00,0.000000E+00,2.219886E+01,2.064827E+01,2.389788E+01,5.546027E+01
12:00:00,3.862895E+03,2.138006E+03,1.372629E-01,2.114415E-01,0.000000E+00,0.000000E+00,0.000000E+00,0.000000E+00,0.000000E+00,0.000000E+00,0.000000E+00,0.000000E+00,2.219897E+01,2.232313E+01,2.389821E+01,5.185441E+01,1.626303E+03,1.745394E+03,5.778864E-02,1.726062E-01,0.000000E+00,0.000000E+00,0.000000E+00,0.000000E+00,0.000000E+00,0.000000E+00,0.000000E+00,0.000000E+00,2.219902E+01,2.227504E+01,2.389862E+01,4.990847E+01,3.755171E+03,2.341077E+03,1.334350E-01,2.315225E-01,0.000000E+00,0.000000E+00,0.000000E+00,0.000000E+00,0.000000E+00,0.000000E+00,0.000000E+00,0.000000E+00,2.219896E+01,2.228795E+01,2.389828E+01,5.140590E+01,1.626303E+03,9.871680E+02,5.778864E-02,9.762730E-02,0.000000E+00,0.000000E+00,0.000000E+00,0.000000E+00,0.000000E+00,0.000000E+00,0.000000E+00,0.000000E+00,2.219902E+01,2.227504E+01,2.389823E+01,5.175692E+01,2.983690E+03,2.275053E+03,1.060211E-01,2.250011E-01,0.000000E+00,0.000000E+00,0.000000E+00,0.000000E+00,0.000000E+00,0.000000E+00,0.000000E+00,0.000000E+00,2.219886E+01,2.064827E+01,2.389794E+01,5.514557E+01
12:15:00,3.862895E+03,2.113719E+03,1.372629E-01,2.090377E-01,0.000000E+00,0.000000E+00,0.000000E+00,0.000000E+00,0.000000E+00,0.000000E+00,0.000000E+00,0.000000E+00,2.219897E+01,2.232313E+01,2.389822E+01,5.172199E+01,1.626303E+03,1.615716E+03,5.778864E-02,1.597806E-01,0.000000E+00,0.000000E+00,0.000000E+00,0.000000E+00,0.000000E+00,0.000000E+00,0.000000E+00,0.000000E+00,2.219902E+01,2.227504E+01,2.389863E+01,5.001538E+01,3.755171E+03,2.280778E+03,1.334350E-01,2.255575E-01,0.000000E+00,0.000000E+00,0.000000E+00,0.000000E+00,0.000000E+00,0.000000E+00,0.000000E+00,0.000000E+00,2.219896E+01,2.228795E+01,2.389828E+01,5.136051E+01,1.626303E+03,9.746409E+02,5.778864E-02,9.638759E-02,0.000000E+00,0.000000E+00,0.000000E+00,0.000000E+00,0.000000E+00,0.000000E+00,0.000000E+00,0.000000E+00,2.219902E+01,2.227504E+01,2.389824E+01,5.164066E+01,2.983690E+03,2.184794E+03,1.060211E-01,2.160726E-01,0.000000E+00,0.000000E+00,0.000000E+00,0.000000E+00,0.000000E+00,0.000000E+00,0.000000E+00,0.000000E+00,2.219886E+01,2.064827E+01,2.389796E+01,5.493184E+01
12:30:00,3.862895E+03,2.082520E+03,1.372629E-01,2.059535E-01,0.000000E+00,0.000000E+00,0.000000E+00,0.000000E+00,0.000000E+00,0.000000E+00,0.000000E+00,0.000000E+00,2.219897E+01,2.232313E+01,2.389778E+01,5.121125E+01,1.626303E+03,1.484683E+03,5.778864E-02,1.468226E-01,0.000000E+00,0.000000E+00,0.000000E+00,0.000000E+00,0.000000E+00,0.000000E+00,0.000000E+00,0.000000E+00,2.219902E+01,2.227504E+01,2.389842E+01,4.969344E+01,3.755171E+03,2.219244E+03,1.334350E-01,2.194735E-01,0.000000E+00,0.000000E+00,0.000000E+00,0.000000E+00,0.000000E+00,0.000000E+00,0.000000E+00,0.000000E+00,2.219896E+01,2.228795E+01,2.389784E+01,5.090650E+01,1.626303E+03,9.587371E+02,5.778864E-02,9.481524E-02,0.000000E+00,0.000000E+00,0.000000E+00,0.000000E+00,0.000000E+00,0.000000E+00,0.000000E+00,0.000000E+00,2.219902E+01,2.227504E+01,2.389784E+01,5.112382E+01,2.983690E+03,2.087145E+03,1.060211E-01,2.064165E-01,0.000000E+00,0.000000E+00,0.000000E+00,0.000000E+00,0.000000E+00,0.000000E+00,0.000000E+00,0.000000E+00,2.219886E+01,2.064827E+01,2.389749E+01,5.442622E+01
12:45:00,3.862895E+03,2.046643E+03,1.372629E-01,2.024064E-01,0.000000E+00,0.000000E+00,0.000000E+00,0.000000E+00,0.000000E+00,0.000000E+00,0.000000E+00,0.000000E+00,2.219897E+01,2.232313E+01,2.389795E+01,5.060814E+01,1.626303E+03,1.365440E+03,5.778864E-02,1.350303E-01,0.000000E+00,0.000000E+00,0.000000E+00,0.000000E+00,0.000000E+00,0.000000E+00,0.000000E+00,0.000000E+00,2.219902E+01,2.227504E+01,2.389866E+01,4.937661E+01,3.755171E+03,2.156347E+03,1.334350E-01,2.132545E-01,0.000000E+00,0.000000E+00,0.000000E+00,0.000000E+00,0.000000E+00,0.000000E+00,0.000000E+00,0.000000E+00,2.219896E+01,2.228795E+01,2.389802E+01,5.037152E+01,1.626303E+03,9.404010E+02,5.778864E-02,9.300222E-02,0.000000E+00,0.000000E+00,0.000000E+00,0.000000E+00,0.000000E+00,0.000000E+00,0.000000E+00,0.000000E+00,2.219902E+01,2.227504E+01,2.389803E+01,5.052205E+01,2.983690E+03,1.984411E+03,1.060211E-01,1.962575E-01,0.000000E+00,0.000000E+00,0.000000E+00,0.000000E+00,0.000000E+00,0.000000E+00,0.000000E+00,0.000000E+00,2.219886E+01,2.064827E+01,2.389761E+01,5.377108E+01
13:00:00,3.862895E+03,2.007214E+03,1.372629E-01,1.985070E-01,0.000000E+00,0.000000E+00,0.000000E+00,0.000000E+00,0.000000E+00,0.000000E+00,0.000000E+00,0.000000E+00,2.219897E+01,2.232313E+01,2.389824E+01,5.017827E+01,1.626303E+03,1.260837E+03,5.778864E-02,1.246858E-01,0.000000E+00,0.000000E+00,0.000000E+00,0.000000E+00,0.000000E+00,0.000000E+00,0.000000E+00,0.000000E+00,2.219902E+01,2.227504E+01,2.389869E+01,4.923185E+01,3.755171E+03,2.092999E+03,1.334350E-01,2.069894E-01,0.000000E+00,0.000000E+00,0.000000E+00,0.000000E+00,0.000000E+00,0.000000E+00,0.000000E+00,0.000000E+00,2.219896E+01,2.228795E+01,2.389831E+01,5.000252E+01,1.626303E+03,9.205439E+02,5.778864E-02,9.103824E-02,0.000000E+00,0.000000E+00,0.000000E+00,0.000000E+00,0.000000E+00,0.000000E+00,0.000000E+00,0.000000E+00,2.219902E+01,2.227504E+01,2.389833E+01,5.010622E+01,2.983690E+03,1.877671E+03,1.060211E-01,1.857017E-01,0.000000E+00,0.000000E+00,0.000000E+00,0.000000E+00,0.000000E+00,0.000000E+00,0.000000E+00,0.000000E+00,2.219886E+01,2.064827E+01,2.389782E+01,5.320884E+01
13:15:00,3.862895E+03,2.093010E+03,1.372629E-01,2.069902E-01,0.000000E+00,0.000000E+00,0.000000E+00,0.000000E+00,0.000000E+00,0.000000E+00,0.000000E+00,0.000000E+00,2.219897E+01,2.232313E+01,2.389848E+01,4.994262E+01,1.626303E+03,1.232376E+03,5.778864E-02,1.218706E-01,0.000000E+00,0.000000E+00,0.000000E+00,0.000000E+00,0.000000E+00,0.000000E+00,0.000000E+00,0.000000E+00,2.219902E+01,2.227504E+01,2.389882E+01,4.922973E+01,3.755171E+03,2.157601E+03,1.334350E-01,2.133767E-01,0.000000E+00,0.000000E+00,0.000000E+00,0.000000E+00,0.000000E+00,0.000000E+00,0.000000E+00,0.000000E+00,2.219896E+01,2.228795E+01,2.389854E+01,4.981774E+01,1.626303E+03,9.615111E+02,5.778864E-02,9.508885E-02,0.000000E+00,0.000000E+00,0.000000E+00,0.000000E+00,0.000000E+00,0.000000E+00,0.000000E+00,0.000000E+00,2.219902E+01,2.227504E+01,2.389855E+01,4.989035E+01,2.983690E+03,1.996989E+03,1.060211E-01,1.975016E-01,0.000000E+00,0.000000E+00,0.000000E+00,0.000000E+00,0.000000E+00,0.000000E+00,0.000000E+00,0.000000E+00,2.219886E+01,2.064827E+01,2.389801E+01,5.279173E+01
13:30:00,3.862895E+03,2.185271E+03,1.372629E-01,2.161107E-01,0.000000E+00,0.000000E+00,0.000000E+00,0.000000E+00,0.000000E+00,0.000000E+00,0.000000E+00,0.000000E+00,2.219897E+01,2.232313E+01,2.389848E+01,5.030464E+01,1.626303E+03,1.224864E+03,5.778864E-02,1.211266E-01,0.000000E+00,0.000000E+00,0.000000E+00,0.000000E+00,0.000000E+00,0.000000E+00,0.000000E+00,0.000000E+00,2.219902E+01,2.227504E+01,2.389878E+01,4.976446E+01,3.755171E+03,2.231127E+03,1.334350E-01,2.206442E-01,0.000000E+00,0.000000E+00,0.000000E+00,0.000000E+00,0.000000E+00,0.000000E+00,0.000000E+00,0.000000E+00,2.219896E+01,2.228795E+01,2.389853E+01,5.021943E+01,1.626303E+03,1.013426E+03,5.778864E-02,1.002213E-01,0.000000E+00,0.000000E+00,0.000000E+00,0.000000E+00,0.000000E+00,0.000000E+00,0.000000E+00,0.000000E+00,2.219902E+01,2.227504E+01,2.389853E+01,5.027627E+01,2.983690E+03,2.126089E+03,1.060211E-01,2.102683E-01,0.000000E+00,0.000000E+00,0.000000E+00,0.000000E+00,0.000000E+00,0.000000E+00,0.000000E+00,0.000000E+00,2.219886E+01,2.064827E+01,2.389776E+01,5.293752E+01
13:45:00,3.862895E+03,2.281461E+03,1.372629E-01,2.256218E-01,0.000000E+00,0.000000E+00,0.000000E+00,0.000000E+00,0.000000E+00,0.000000E+00,0.000000E+00,0.000000E+00,2.219897E+01,2.232313E+01,2.389825E+01,5.078932E+01,1.626303E+03,1.227020E+03,5.778864E-02,1.213404E-01,0.000000E+00,0.000000E+00,0.000000E+00,0.000000E+00,0.000000E+00,0.000000E+00,0.000000E+00,0.000000E+00,2.219902E+01,2.227504E+01,2.389845E+01,5.033788E+01,3.755171E+03,2.309940E+03,1.334350E-01,2.284371E-01,0.000000E+00,0.000000E+00,0.000000E+00,0.000000E+00,0.000000E+00,0.000000E+00,0.000000E+00,0.000000E+00,2.219896E+01,2.228795E+01,2.389829E+01,5.073245E+01,1.626303E+03,1.078482E+03,5.778864E-02,1.066544E-01,0.000000E+00,0.000000E+00,0.000000E+00,0.000000E+00,0.000000E+00,0.000000E+00,0.000000E+00,0.000000E+00,2.219902E+01,2.227504E+01,2.389825E+01,5.074189E+01,2.983690E+03,2.261459E+03,1.060211E-01,2.236564E-01,0.000000E+00,0.000000E+00,0.000000E+00,0.000000E+00,0.000000E+00,0.000000E+00,0.000000E+00,0.000000E+00,2.219886E+01,2.064827E+01,2.389765E+01,5.331119E+01
14:00:00,3.862895E+03,2.380587E+03,1.372629E-01,2.354270E-01,0.000000E+00,0.000000E+00,0.000000E+00,0.000000E+00,0.000000E+00,0.000000E+00,0.000000E+00,0.000000E+00,2.219897E+01,2.232313E+01,2.389791E+01,5.109259E+01,1.626303E+03,1.236952E+03,5.778864E-02,1.223245E-01,0.000000E+00,0.000000E+00,0.000000E+00,0.000000E+00,0.000000E+00,0.000000E+00,0.000000E+00,0.000000E+00,2.219902E+01,2.227504E+01,2.389806E+01,5.068166E+01,3.755171E+03,2.391977E+03,1.334350E-01,2.365522E-01,0.000000E+00,0.000000E+00,0.000000E+00,0.000000E+00,0.000000E+00,0.000000E+00,0.000000E+00,0.000000E+00,2.219896E+01,2.228795E+01,2.389794E+01,5.105872E+01,1.626303E+03,1.158973E+03,5.778864E-02,1.146160E-01,0.000000E+00,0.000000E+00,0.000000E+00,0.000000E+00,0.000000E+00,0.000000E+00,0.000000E+00,0.000000E+00,2.219902E+01,2.227504E+01,2.389784E+01,5.096403E+01,2.983690E+03,2.401182E+03,1.060211E-01,2.374771E-01,0.000000E+00,0.000000E+00,0.000000E+00,0.000000E+00,0.000000E+00,0.000000E+00,0.000000E+00,0.000000E+00,2.219886E+01,2.064827E+01,2.389746E+01,5.363677E+01
14:15:00,3.862895E+03,2.433160E+03,1.372629E-01,2.406312E-01,0.000000E+00,0.000000E+00,0.000000E+00,0.000000E+00,0.000000E+00,0.000000E+00,0.000000E+00,0.000000E+00,2.219897E+01,2.232313E+01,2.389765E+01,5.119165E+01,1.626303E+03,1.230115E+03,5.778864E-02,1.216516E-01,0.000000E+00,0.000000E+00,0.000000E+00,0.000000E+00,0.000000E+00,0.000000E+00,0.000000E+00,0.000000E+00,2.219902E+01,2.227504E+01,2.389780E+01,5.081901E+01,3.755171E+03,2.426857E+03,1.334350E-01,2.400069E-01,0.000000E+00,0.000000E+00,0.000000E+00,0.000000E+00,0.000000E+00,0.000000E+00,0.000000E+00,0.000000E+00,2.219896E+01,2.228795E+01,2.389768E+01,5.118125E+01,1.626303E+03,1.232115E+03,5.778864E-02,1.218527E-01,0.000000E+00,0.000000E+00,0.000000E+00,0.000000E+00,0.000000E+00,0.000000E+00,0.000000E+00,0.000000E+00,2.219902E+01,2.227504E+01,2.389752E+01,5.093303E+01,2.983690E+03,2.455642E+03,1.060211E-01,2.428677E-01,0.000000E+00,0.000000E+00,0.000000E+00,0.000000E+00,0.000000E+00,0.000000E+00,0.000000E+00,0.000000E+00,2.219886E+01,2.064827E+01,2.389728E+01,5.382957E+01
14:30:00,3.862895E+03,2.485720E+03,1.372629E-01,2.458354E-01,0.000000E+00,0.000000E+00,0.000000E+00,0.000000E+00,0.000000E+00,0.000000E+00,0.000000E+00,0.000000E+00,2.219897E+01,2.232313E+01,2.389748E+01,5.141842E+01,1.626303E+03,1.226321E+03,5.778864E-02,1.212800E-01,0.000000E+00,0.000000E+00,0.000000E+00,0.000000E+00,0.000000E+00,0.000000E+00,0.000000E+00,0.000000E+00,2.219902E+01,2.227504E+01,2.389764E+01,5.110451E+01,3.755171E+03,2.460475E+03,1.334350E-01,2.433379E-01,0.000000E+00,0.000000E+00,0.000000E+00,0.000000E+00,0.000000E+00,0.000000E+00,0.000000E+00,0.000000E+00,2.219896E+01,2.228795E+01,2.389751E+01,5.143475E+01,1.626303E+03,1.317303E+03,5.778864E-02,1.302815E-01,0.000000E+00,0.000000E+00,0.000000E+00,0.000000E+00,0.000000E+00,0.000000E+00,0.000000E+00,0.000000E+00,2.219902E+01,2.227504E+01,2.389731E+01,5.100105E+01,2.983690E+03,2.510575E+03,1.060211E-01,2.483052E-01,0.000000E+00,0.000000E+00,0.000000E+00,0.000000E+00,0.000000E+00,0.000000E+00,0.000000E+00,0.000000E+00,2.219886E+01,2.064827E+01,2.389705E+01,5.416545E+01
14:45:00,3.862895E+03,2.537558E+03,1.372629E-01,2.509683E-01,0.000000E+00,0.000000E+00,0.000000E+00,0.000000E+00,0.000000E+00,0.000000E+00,0.000000E+00,0.000000E+00,2.219897E+01,2.232313E+01,2.389728E+01,5.163651E+01,1.626303E+03,1.224912E+03,5.778864E-02,1.211436E-01,0.000000E+00,0.000000E+00,0.000000E+00,0.000000E+00,0.000000E+00,0.000000E+00,0.000000E+00,0.000000E+00,2.219902E+01,2.227504E+01,2.389745E+01,5.138673E+01,3.755171E+03,2.492407E+03,1.334350E-01,2.465021E-01,0.000000E+00,0.000000E+00,0.000000E+00,0.000000E+00,0.000000E+00,0.000000E+00,0.000000E+00,0.000000E+00,2.219896E+01,2.228795E+01,2.389731E+01,5.168355E+01,1.626303E+03,1.412799E+03,5.778864E-02,1.397303E-01,0.000000E+00,0.000000E+00,0.000000E+00,0.000000E+00,0.000000E+00,0.000000E+00,0.000000E+00,0.000000E+00,2.219902E+01,2.227504E+01,2.389706E+01,5.102838E+01,2.983690E+03,2.565766E+03,1.060211E-01,2.537689E-01,0.000000E+00,0.000000E+00,0.000000E+00,0.000000E+00,0.000000E+00,0.000000E+00,0.000000E+00,0.000000E+00,2.219886E+01,2.064827E+01,2.389685E+01,5.450829E+01
15:00:00,3.862895E+03,2.587934E+03,1.372629E-01,2.559559E-01,0.000000E+00,0.000000E+00,0.000000E+00,0.000000E+00,0.000000E+00,0.000000E+00,0.000000E+00,0.000000E+00,2.219897E+01,2.232313E+01,2.389708E+01,5.174830E+01,1.626303E+03,1.225214E+03,5.778864E-02,1.211759E-01,0.000000E+00,0.000000E+00,0.000000E+00,0.000000E+00,0.000000E+00,0.000000E+00,0.000000E+00,0.000000E+00,2.219902E+01,2.227504E+01,2.389725E+01,5.156068E+01,3.755171E+03,2.522170E+03,1.334350E-01,2.494508E-01,0.000000E+00,0.000000E+00,0.000000E+00,0.000000E+00,0.000000E+00,0.000000E+00,0.000000E+00,0.000000E+00,2.219896E+01,2.228795E+01,2.389711E+01,5.182912E+01,1.626303E+03,1.516208E+03,5.778864E-02,1.499615E-01,0.000000E+00,0.000000E+00,0.000000E+00,0.000000E+00,0.000000E+00,0.000000E+00,0.000000E+00,0.000000E+00,2.219902E+01,2.227504E+01,2.389683E+01,5.093198E+01,2.983690E+03,2.621133E+03,1.060211E-01,2.592503E-01,0.000000E+00,0.000000E+00,0.000000E+00,0.000000E+00,0.000000E+00,0.000000E+00,0.000000E+00,0.000000E+00,2.219886E+01,2.064827E+01,2.389664E+01,5.474845E+01
15:15:00,3.862895E+03,2.602359E+03,1.372629E-01,2.573872E-01,0.000000E+00,0.000000E+00,0.000000E+00,0.000000E+00,0.000000E+00,0.000000E+00,0.000000E+00,0.000000E+00,2.219897E+01,2.232313E+01,2.389694E+01,5.176323E+01,1.626303E+03,1.209811E+03,5.778864E-02,1.196546E-01,0.000000E+00,0.000000E+00,0.000000E+00,0.000000E+00,0.000000E+00,0.000000E+00,0.000000E+00,0.000000E+00,2.219902E+01,2.227504E+01,2.389712E+01,5.163690E+01,3.755171E+03,2.512396E+03,1.334350E-01,2.484884E-01,0.000000E+00,0.000000E+00,0.000000E+00,0.000000E+00,0.000000E+00,0.000000E+00,0.000000E+00,0.000000E+00,2.219896E+01,2.228795E+01,2.389698E+01,5.187910E+01,1.626303E+03,1.628175E+03,5.778864E-02,1.610391E-01,0.000000E+00,0.000000E+00,0.000000E+00,0.000000E+00,0.000000E+00,0.000000E+00,0.000000E+00,0.000000E+00,2.219902E+01,2.227504E+01,2.389669E+01,5.074842E+01,2.983690E+03,2.615532E+03,1.060211E-01,2.587014E-01,0.000000E+00,0.000000E+00,0.000000E+00,0.000000E+00,0.000000E+00,0.000000E+00,0.000000E+00,0.000000E+00,2.219886E+01,2.064827E+01,2.389647E+01,5.487150E+01
15:30:00,3.862895E+03,2.610528E+03,1.372629E-01,2.581984E-01,0.000000E+00,0.000000E+00,0.000000E+00,0.000000E+00,0.000000E+00,0.000000E+00,0.000000E+00,0.000000E+00,2.219897E+01,2.232313E+01,2.389696E+01,5.177077E+01,1.626303E+03,1.192871E+03,5.778864E-02,1.179807E-01,0.000000E+00,0.000000E+00,0.000000E+00,0.000000E+00,0.000000E+00,0.000000E+00,0.000000E+00,0.000000E+00,2.219902E+01,2.227504E+01,2.389714E+01,5.171073E+01,3.755171E+03,2.495419E+03,1.334350E-01,2.468123E-01,0.000000E+00,0.000000E+00,0.000000E+00,0.000000E+00,0.000000E+00,0.000000E+00,0.000000E+00,0.000000E+00,2.219896E+01,2.228795E+01,2.389702E+01,5.192984E+01,1.626303E+03,1.750662E+03,5.778864E-02,1.731546E-01,0.000000E+00,0.000000E+00,0.000000E+00,0.000000E+00,0.000000E+00,0.000000E+00,0.000000E+00,0.000000E+00,2.219902E+01,2.227504E+01,2.389710E+01,5.051668E+01,2.983690E+03,2.605527E+03,1.060211E-01,2.577152E-01,0.000000E+00,0.000000E+00,0.000000E+00,0.000000E+00,0.000000E+00,0.000000E+00,0.000000E+00,0.000000E+00,2.219886E+01,2.064827E+01,2.389654E+01,5.499183E+01
15:45:00,3.862895E+03,2.612468E+03,1.372629E-01,2.583925E-01,0.000000E+00,0.000000E+00,0.000000E+00,0.000000E+00,0.000000E+00,0.000000E+00,0.000000E+00,0.000000E+00,2.219897E+01,2.232313E+01,2.389694E+01,5.177671E+01,1.626303E+03,1.174512E+03,5.778864E-02,1.161659E-01,0.000000E+00,0.000000E+00,0.000000E+00,0.000000E+00,0.000000E+00,0.000000E+00,0.000000E+00,0.000000E+00,2.219902E+01,2.227504E+01,2.389712E+01,5.178438E+01,3.755171E+03,2.472143E+03,1.334350E-01,2.445121E-01,0.000000E+00,0.000000E+00,0.000000E+00,0.000000E+00,0.000000E+00,0.000000E+00,0.000000E+00,0.000000E+00,2.219896E+01,2.228795E+01,2.389700E+01,5.198196E+01,1.626303E+03,1.880144E+03,5.778864E-02,1.859605E-01,0.000000E+00,0.000000E+00,0.000000E+00,0.000000E+00,0.000000E+00,0.000000E+00,0.000000E+00,0.000000E+00,2.219902E+01,2.227504E+01,2.389719E+01,5.028964E+01,2.983690E+03,2.591841E+03,1.060211E-01,2.563639E-01,0.000000E+00,0.000000E+00,0.000000E+00,0.000000E+00,0.000000E+00,0.000000E+00,0.000000E+00,0.000000E+00,2.219886E+01,2.064827E+01,2.389648E+01,5.509386E+01
16:00:00,3.862895E+03,2.608060E+03,1.372629E-01,2.579575E-01,0.000000E+00,0.000000E+00,0.000000E+00,0.000000E+00,0.000000E+00,0.000000E+00,0.000000E+00,0.000000E+00,2.219897E+01,2.232313E+01,2.389693E+01,5.177505E+01,1.626303E+03,1.154682E+03,5.778864E-02,1.142050E-01,0.000000E+00,0.000000E+00,0.000000E+00,0.000000E+00,0.000000E+00,0.000000E+00,0.000000E+00,0.000000E+00,2.219902E+01,2.227504E+01,2.389710E+01,5.184715E+01,3.755171E+03,2.443017E+03,1.334350E-01,2.416322E-01,0.000000E+00,0.000000E+00,0.000000E+00,0.000000E+00,0.000000E+00,0.000000E+00,0.000000E+00,0.000000E+00,2.219896E+01,2.228795E+01,2.389698E+01,5.202398E+01,1.626303E+03,2.013938E+03,5.778864E-02,1.991916E-01,0.000000E+00,0.000000E+00,0.000000E+00,0.000000E+00,0.000000E+00,0.000000E+00,0.000000E+00,0.000000E+00,2.219902E+01,2.227504E+01,2.389724E+01,5.009670E+01,2.983690E+03,2.575055E+03,1.060211E-01,2.547051E-01,0.000000E+00,0.000000E+00,0.000000E+00,0.000000E+00,0.000000E+00,0.000000E+00,0.000000E+00,0.000000E+00,2.219886E+01,2.064827E+01,2.389641E+01,5.515651E+01
16:15:00,3.862895E+03,2.577159E+03,1.372629E-01,2.549013E-01,0.000000E+00,0.000000E+00,0.000000E+00,0.000000E+00,0.000000E+00,0.000000E+00,0.000000E+00,0.000000E+00,2.219897E+01,2.232313E+01,2.389692E+01,5.176725E+01,1.626303E+03,1.126070E+03,5.778864E-02,1.113752E-01,0.000000E+00,0.000000E+00,0.000000E+00,0.000000E+00,0.000000E+00,0.000000E+00,0.000000E+00,0.000000E+00,2.219902E+01,2.227504E+01,2.389708E+01,5.189855E+01,3.755171E+03,2.391612E+03,1.334350E-01,2.365479E-01,0.000000E+00,0.000000E+00,0.000000E+00,0.000000E+00,0.000000E+00,0.000000E+00,0.000000E+00,0.000000E+00,2.219896E+01,2.228795E+01,2.389696E+01,5.205549E+01,1.626303E+03,2.120964E+03,5.778864E-02,2.097743E-01,0.000000E+00,0.000000E+00,0.000000E+00,0.000000E+00,0.000000E+00,0.000000E+00,0.000000E+00,0.000000E+00,2.219902E+01,2.227504E+01,2.389729E+01,4.994166E+01,2.983690E+03,2.518648E+03,1.060211E-01,2.491264E-01,0.000000E+00,0.000000E+00,0.000000E+00,0.000000E+00,0.000000E+00,0.000000E+00,0.000000E+00,0.000000E+00,2.219886E+01,2.064827E+01,2.389635E+01,5.518011E+01
16:30:00,3.862895E+03,2.538441E+03,1.372629E-01,2.510711E-01,0.000000E+00,0.000000E+00,0.000000E+00,0.000000E+00,0.000000E+00,0.000000E+00,0.000000E+00,0.000000E+00,2.219897E+01,2.232313E+01,2.389707E+01,5.184066E+01,1.626303E+03,1.096126E+03,5.778864E-02,1.084133E-01,0.000000E+00,0.000000E+00,0.000000E+00,0.000000E+00,0.000000E+00,0.000000E+00,0.000000E+00,0.000000E+00,2.219902E+01,2.227504E+01,2.389723E+01,5.202967E+01,3.755171E+03,2.335522E+03,1.334350E-01,2.309997E-01,0.000000E+00,0.000000E+00,0.000000E+00,0.000000E+00,0.000000E+00,0.000000E+00,0.000000E+00,0.000000E+00,2.219896E+01,2.228795E+01,2.389713E+01,5.217261E+01,1.626303E+03,2.215785E+03,5.778864E-02,2.191508E-01,0.000000E+00,0.000000E+00,0.000000E+00,0.000000E+00,0.000000E+00,0.000000E+00,0.000000E+00,0.000000E+00,2.219902E+01,2.227504E+01,2.389740E+01,4.985135E+01,2.983690E+03,2.458640E+03,1.060211E-01,2.431902E-01,0.000000E+00,0.000000E+00,0.000000E+00,0.000000E+00,0.000000E+00,0.000000E+00,0.000000E+00,0.000000E+00,2.219886E+01,2.064827E+01,2.389668E+01,5.534746E+01
16:45:00,3.862895E+03,2.489692E+03,1.372629E-01,2.462487E-01,0.000000E+00,0.000000E+00,0.000000E+00,0.000000E+00,0.000000E+00,0.000000E+00,0.000000E+00,0.000000E+00,2.219897E+01,2.232313E+01,2.389707E+01,5.193688E+01,1.626303E+03,1.063372E+03,5.778864E-02,1.051735E-01,0.000000E+00,0.000000E+00,0.000000E+00,0.000000E+00,0.000000E+00,0.000000E+00,0.000000E+00,0.000000E+00,2.219902E+01,2.227504E+01,2.389722E+01,5.217965E+01,3.755171E+03,2.271742E+03,1.334350E-01,2.246907E-01,0.000000E+00,0.000000E+00,0.000000E+00,0.000000E+00,0.000000E+00,0.000000E+00,0.000000E+00,0.000000E+00,2.219896E+01,2.228795E+01,2.389712E+01,5.231285E+01,1.626303E+03,2.298395E+03,5.778864E-02,2.273199E-01,0.000000E+00,0.000000E+00,0.000000E+00,0.000000E+00,0.000000E+00,0.000000E+00,0.000000E+00,0.000000E+00,2.219902E+01,2.227504E+01,2.389743E+01,4.978097E+01,2.983690E+03,2.395174E+03,1.060211E-01,2.369115E-01,0.000000E+00,0.000000E+00,0.000000E+00,0.000000E+00,0.000000E+00,0.000000E+00,0.000000E+00,0.000000E+00,2.219886E+01,2.064827E+01,2.389665E+01,5.556367E+01
17:00:00,3.862895E+03,2.430471E+03,1.372629E-01,2.403905E-01,0.000000E+00,0.000000E+00,0.000000E+00,0.000000E+00,0.000000E+00,0.000000E+00,0.000000E+00,0.000000E+00,2.219897E+01,2.232313E+01,2.389705E+01,5.201903E+01,1.626303E+03,1.028458E+03,5.778864E-02,1.017201E-01,0.000000E+00,0.000000E+00,0.000000E+00,0.000000E+00,0.000000E+00,0.000000E+00,0.000000E+00,0.000000E+00,2.219902E+01,2.227504E+01,2.389719E+01,5.231253E+01,3.755171E+03,2.202122E+03,1.334350E-01,2.178042E-01,0.000000E+00,0.000000E+00,0.000000E+00,0.000000E+00,0.000000E+00,0.000000E+00,0.000000E+00,0.000000E+00,2.219896E+01,2.228795E+01,2.389709E+01,5.243726E+01,1.626303E+03,2.365060E+03,5.778864E-02,2.339123E-01,0.000000E+00,0.000000E+00,0.000000E+00,0.000000E+00,0.000000E+00,0.000000E+00,0.000000E+00,0.000000E+00,2.219902E+01,2.227504E+01,2.389743E+01,4.971008E+01,2.983690E+03,2.328158E+03,1.060211E-01,2.302820E-01,0.000000E+00,0.000000E+00,0.000000E+00,0.000000E+00,0.000000E+00,0.000000E+00,0.000000E+00,0.000000E+00,2.219886E+01,2.064827E+01,2.389656E+01,5.574176E+01
17:15:00,3.862895E+03,2.399468E+03,1.372629E-01,2.373234E-01,0.000000E+00,0.000000E+00,0.000000E+00,0.000000E+00,0.000000E+00,0.000000E+00,0.000000E+00,0.000000E+00,2.219897E+01,2.232313E+01,2.389703E+01,5.208654E+01,1.626303E+03,1.008527E+03,5.778864E-02,9.974865E-02,0.000000E+00,0.000000E+00,0.000000E+00,0.000000E+00,0.000000E+00,0.000000E+00,0.000000E+00,0.000000E+00,2.219902E+01,2.227504E+01,2.389716E+01,5.242384E+01,3.755171E+03,2.166444E+03,1.334350E-01,2.142748E-01,0.000000E+00,0.000000E+00,0.000000E+00,0.000000E+00,0.000000E+00,0.000000E+00,0.000000E+00,0.000000E+00,2.219896E+01,2.228795E+01,2.389706E+01,5.253916E+01,1.626303E+03,2.430808E+03,5.778864E-02,2.404141E-01,0.000000E+00,0.000000E+00,0.000000E+00,0.000000E+00,0.000000E+00,0.000000E+00,0.000000E+00,0.000000E+00,2.219902E+01,2.227504E+01,2.389745E+01,4.964830E+01,2.983690E+03,2.330895E+03,1.060211E-01,2.305520E-01,0.000000E+00,0.000000E+00,0.000000E+00,0.000000E+00,0.000000E+00,0.000000E+00,0.000000E+00,0.000000E+00,2.219886E+01,2.064827E+01,2.389647E+01,5.585927E+01
17:30:00,3.862895E+03,2.358059E+03,1.372629E-01,2.332280E-01,0.000000E+00,0.000000E+00,0.000000E+00,0.000000E+00,0.000000E+00,0.000000E+00,0.000000E+00,0.000000E+00,2.219897E+01,2.232313E+01,2.389704E+01,5.215517E+01,1.626303E+03,9.868564E+02,5.778864E-02,9.760546E-02,0.000000E+00,0.000000E+00,0.000000E+00,0.000000E+00,0.000000E+00,0.000000E+00,0.000000E+00,0.000000E+00,2.219902E+01,2.227504E+01,2.389715E+01,5.252576E+01,3.755171E+03,2.126143E+03,1.334350E-01,2.102893E-01,0.000000E+00,0.000000E+00,0.000000E+00,0.000000E+00,0.000000E+00,0.000000E+00,0.000000E+00,0.000000E+00,2.219896E+01,2.228795E+01,2.389705E+01,5.263041E+01,1.626303E+03,2.475910E+03,5.778864E-02,2.448743E-01,0.000000E+00,0.000000E+00,0.000000E+00,0.000000E+00,0.000000E+00,0.000000E+00,0.000000E+00,0.000000E+00,2.219902E+01,2.227504E+01,2.389749E+01,4.960674E+01,2.983690E+03,2.331392E+03,1.060211E-01,2.306026E-01,0.000000E+00,0.000000E+00,0.000000E+00,0.000000E+00,0.000000E+00,0.000000E+00,0.000000E+00,0.000000E+00,2.219886E+01,2.064827E+01,2.389642E+01,5.592991E+01
17:45:00,3.862895E+03,2.307464E+03,1.372629E-01,2.282238E-01,0.000000E+00,0.000000E+00,0.000000E+00,0.000000E+00,0.000000E+00,0.000000E+00,0.000000E+00,0.000000E+00,2.219897E+01,2.232313E+01,2.389706E+01,5.223849E+01,1.626303E+03,9.643810E+02,5.778864E-02,9.538267E-02,0.000000E+00,0.000000E+00,0.000000E+00,0.000000E+00,0.000000E+00,0.000000E+00,0.000000E+00,0.000000E+00,2.219902E+01,2.227504E+01,2.389716E+01,5.263096E+01,3.755171E+03,2.083446E+03,1.334350E-01,2.060665E-01,0.000000E+00,0.000000E+00,0.000000E+00,0.000000E+00,0.000000E+00,0.000000E+00,0.000000E+00,0.000000E+00,2.219896E+01,2.228795E+01,2.389706E+01,5.272421E+01,1.626303E+03,2.494634E+03,5.778864E-02,2.467256E-01,0.000000E+00,0.000000E+00,0.000000E+00,0.000000E+00,0.000000E+00,0.000000E+00,0.000000E+00,0.000000E+00,2.219902E+01,2.227504E+01,2.389753E+01,4.958880E+01,2.983690E+03,2.329265E+03,1.060211E-01,2.303938E-01,0.000000E+00,0.000000E+00,0.000000E+00,0.000000E+00,0.000000E+00,0.000000E+00,0.000000E+00,0.000000E+00,2.219886E+01,2.064827E+01,2.389639E+01,5.597446E+01
18:00:00,3.862895E+03,2.247361E+03,1.372629E-01,2.222791E-01,0.000000E+00,0.000000E+00,0.000000E+00,0.000000E+00,0.000000E+00,0.000000E+00,0.000000E+00,0.000000E+00,2.219897E+01,2.232313E+01,2.389709E+01,5.234307E+01,1.626303E+03,9.399132E+02,5.778864E-02,9.296270E-02,0.000000E+00,0.000000E+00,0.000000E+00,0.000000E+00,0.000000E+00,0.000000E+00,0.000000E+00,0.000000E+00,2.219902E+01,2.227504E+01,2.389717E+01,5.274750E+01,3.755171E+03,2.035626E+03,1.334350E-01,2.013370E-01,0.000000E+00,0.000000E+00,0.000000E+00,0.000000E+00,0.000000E+00,0.000000E+00,0.000000E+00,0.000000E+00,2.219896E+01,2.228795E+01,2.389707E+01,5.282922E+01,1.626303E+03,2.483225E+03,5.778864E-02,2.455963E-01,0.000000E+00,0.000000E+00,0.000000E+00,0.000000E+00,0.000000E+00,0.000000E+00,0.000000E+00,0.000000E+00,2.219902E+01,2.227504E+01,2.389757E+01,4.959526E+01,2.983690E+03,2.324102E+03,1.060211E-01,2.298841E-01,0.000000E+00,0.000000E+00,0.000000E+00,0.000000E+00,0.000000E+00,0.000000E+00,0.000000E+00,0.000000E+00,2.219886E+01,2.064827E+01,2.389638E+01,5.600861E+01
18:15:00,3.862895E+03,2.045678E+03,1.372629E-01,2.023309E-01,0.000000E+00,0.000000E+00,0.000000E+00,0.000000E+00,0.000000E+00,0.000000E+00,0.000000E+00,0.000000E+00,2.219897E+01,2.232313E+01,2.389712E+01,5.247068E+01,1.626303E+03,8.527787E+02,5.778864E-02,8.434456E-02,0.000000E+00,0.000000E+00,0.000000E+00,0.000000E+00,0.000000E+00,0.000000E+00,0.000000E+00,0.000000E+00,2.219902E+01,2.227504E+01,2.389719E+01,5.288015E+01,3.755171E+03,1.847308E+03,1.334350E-01,1.827109E-01,0.000000E+00,0.000000E+00,0.000000E+00,0.000000E+00,0.000000E+00,0.000000E+00,0.000000E+00,0.000000E+00,2.219896E+01,2.228795E+01,2.389709E+01,5.295063E+01,1.626303E+03,2.374823E+03,5.778864E-02,2.348742E-01,0.000000E+00,0.000000E+00,0.000000E+00,0.000000E+00,0.000000E+00,0.000000E+00,0.000000E+00,0.000000E+00,2.219902E+01,2.227504E+01,2.389762E+01,4.962938E+01,2.983690E+03,2.076624E+03,1.060211E-01,2.054057E-01,0.000000E+00,0.000000E+00,0.000000E+00,0.000000E+00,0.000000E+00,0.000000E+00,0.000000E+00,0.000000E+00,2.219886E+01,2.064827E+01,2.389638E+01,5.604169E+01
18:30:00,3.862895E+03,1.823636E+03,1.372629E-01,1.803667E-01,0.000000E+00,0.000000E+00,0.000000E+00,0.000000E+00,0.000000E+00,0.000000E+00,0.000000E+00,0.000000E+00,2.219897E+01,2.232313E+01,2.389781E+01,5.223673E+01,1.626303E+03,7.561726E+02,5.778864E-02,7.478859E-02,0.000000E+00,0.000000E+00,0.000000E+00,0.000000E+00,0.000000E+00,0.000000E+00,0.000000E+00,0.000000E+00,2.219902E+01,2.227504E+01,2.389791E+01,5.265385E+01,3.755171E+03,1.638167E+03,1.334350E-01,1.620230E-01,0.000000E+00,0.000000E+00,0.000000E+00,0.000000E+00,0.000000E+00,0.000000E+00,0.000000E+00,0.000000E+00,2.219896E+01,2.228795E+01,2.389786E+01,5.273782E+01,1.626303E+03,2.215937E+03,5.778864E-02,2.191582E-01,0.000000E+00,0.000000E+00,0.000000E+00,0.000000E+00,0.000000E+00,0.000000E+00,0.000000E+00,0.000000E+00,2.219902E+01,2.227504E+01,2.389788E+01,4.926549E+01,2.983690E+03,1.809784E+03,1.060211E-01,1.790075E-01,0.000000E+00,0.000000E+00,0.000000E+00,0.000000E+00,0.000000E+00,0.000000E+00,0.000000E+00,0.000000E+00,2.219886E+01,2.064827E+01,2.389779E+01,5.592708E+01
18:45:00,3.862895E+03,1.582430E+03,1.372629E-01,1.565065E-01,0.000000E+00,0.000000E+00,0.000000E+00,0.000000E+00,0.000000E+00,0.000000E+00,0.000000E+00,0.000000E+00,2.219897E+01,2.232313E+01,2.389814E+01,5.195345E+01,1.626303E+03,6.510067E+02,5.778864E-02,6.438572E-02,0.000000E+00,0.000000E+00,0.000000E+00,0.000000E+00,0.000000E+00,0.000000E+00,0.000000E+00,0.000000E+00,2.219902E+01,2.227504E+01,2.389823E+01,5.238698E+01,3.755171E+03,1.410029E+03,1.334350E-01,1.394556E-01,0.000000E+00,0.000000E+00,0.000000E+00,0.000000E+00,0.000000E+00,0.000000E+00,0.000000E+00,0.000000E+00,2.219896E+01,2.228795E+01,2.389818E+01,5.248350E+01,1.626303E+03,1.995618E+03,5.778864E-02,1.973649E-01,0.000000E+00,0.000000E+00,0.000000E+00,0.000000E+00,0.000000E+00,0.000000E+00,0.000000E+00,0.000000E+00,2.219902E+01,2.227504E+01,2.389835E+01,4.898726E+01,2.983690E+03,1.527318E+03,1.060211E-01,1.510629E-01,0.000000E+00,0.000000E+00,0.000000E+00,0.000000E+00,0.000000E+00,0.000000E+00,0.000000E+00,0.000000E+00,2.219886E+01,2.064827E+01,2.389803E+01,5.580400E+01
19:00:00,3.862895E+03,1.324978E+03,1.372629E-01,1.310391E-01,0.000000E+00,0.000000E+00,0.000000E+00,0.000000E+00,0.000000E+00,0.000000E+00,0.000000E+00,0.000000E+00,2.219897E+01,2.232313E+01,2.389843E+01,5.183795E+01,1.626303E+03,5.389899E+02,5.778864E-02,5.330514E-02,0.000000E+00,0.000000E+00,0.000000E+00,0.000000E+00,0.000000E+00,0.000000E+00,0.000000E+00,0.000000E+00,2.219902E+01,2.227504E+01,2.389851E+01,5.229418E+01,3.755171E+03,1.166495E+03,1.334350E-01,1.153650E-01,0.000000E+00,0.000000E+00,0.000000E+00,0.000000E+00,0.000000E+00,0.000000E+00,0.000000E+00,0.000000E+00,2.219896E+01,2.228795E+01,2.389845E+01,5.238918E+01,1.626303E+03,1.707042E+03,5.778864E-02,1.688203E-01,0.000000E+00,0.000000E+00,0.000000E+00,0.000000E+00,0.000000E+00,0.000000E+00,0.000000E+00,0.000000E+00,2.219902E+01,2.227504E+01,2.389881E+01,4.898688E+01,2.983690E+03,1.232060E+03,1.060211E-01,1.218529E-01,0.000000E+00,0.000000E+00,0.000000E+00,0.000000E+00,0.000000E+00,0.000000E+00,0.000000E+00,0.000000E+00,2.219886E+01,2.064827E+01,2.389817E+01,5.575809E+01
19:15:00,3.862895E+03,1.098353E+03,1.372629E-01,1.086221E-01,0.000000E+00,0.000000E+00,0.000000E+00,0.000000E+00,0.000000E+00,0.000000E+00,0.000000E+00,0.000000E+00,2.219897E+01,2.232313E+01,2.389865E+01,5.192424E+01,1.626303E+03,4.411506E+02,5.778864E-02,4.362742E-02,0.000000E+00,0.000000E+00,0.000000E+00,0.000000E+00,0.000000E+00,0.000000E+00,0.000000E+00,0.000000E+00,2.219902E+01,2.227504E+01,2.389870E+01,5.240518E+01,3.755171E+03,9.558638E+02,1.334350E-01,9.453030E-02,0.000000E+00,0.000000E+00,0.000000E+00,0.000000E+00,0.000000E+00,0.000000E+00,0.000000E+00,0.000000E+00,2.219896E+01,2.228795E+01,2.389865E+01,5.248704E+01,1.626303E+03,1.390208E+03,5.778864E-02,1.374821E-01,0.000000E+00,0.000000E+00,0.000000E+00,0.000000E+00,0.000000E+00,0.000000E+00,0.000000E+00,0.000000E+00,2.219902E+01,2.227504E+01,2.389909E+01,4.921599E+01,2.983690E+03,9.990195E+02,1.060211E-01,9.880012E-02,0.000000E+00,0.000000E+00,0.000000E+00,0.000000E+00,0.000000E+00,0.000000E+00,0.000000E+00,0.000000E+00,2.219886E+01,2.064827E+01,2.389827E+01,5.580559E+01
19:30:00,3.862895E+03,8.729487E+02,1.372629E-01,8.632809E-02,0.000000E+00,0.000000E+00,0.000000E+00,0.000000E+00,0.000000E+00,0.000000E+00,0.000000E+00,0.000000E+00,2.219897E+01,2.232313E+01,2.389921E+01,5.156101E+01,1.626303E+03,3.444813E+02,5.778864E-02,3.406639E-02,0.000000E+00,0.000000E+00,0.000000E+00,0.000000E+00,0.000000E+00,0.000000E+00,0.000000E+00,0.000000E+00,2.219902E+01,2.227504E+01,2.389929E+01,5.205949E+01,3.755171E+03,7.475343E+02,1.334350E-01,7.392541E-02,0.000000E+00,0.000000E+00,0.000000E+00,0.000000E+00,0.000000E+00,0.000000E+00,0.000000E+00,0.000000E+00,2.219896E+01,2.228795E+01,2.389926E+01,5.215336E+01,1.626303E+03,1.070612E+03,5.778864E-02,1.058723E-01,0.000000E+00,0.000000E+00,0.000000E+00,0.000000E+00,0.000000E+00,0.000000E+00,0.000000E+00,0.000000E+00,2.219902E+01,2.227504E+01,2.389934E+01,4.892959E+01,2.983690E+03,7.583797E+02,1.060211E-01,7.499982E-02,0.000000E+00,0.000000E+00,0.000000E+00,0.000000E+00,0.000000E+00,0.000000E+00,0.000000E+00,0.000000E+00,2.219886E+01,2.064827E+01,2.389935E+01,5.553329E+01
19:45:00,3.862895E+03,6.562239E+02,1.372629E-01,6.489364E-02,0.000000E+00,0.000000E+00,0.000000E+00,0.000000E+00,0.000000E+00,0.000000E+00,0.000000E+00,0.000000E+00,2.219897E+01,2.232313E+01,2.389944E+01,5.101702E+01,1.626303E+03,2.515765E+02,5.778864E-02,2.487814E-02,0.000000E+00,0.000000E+00,0.000000E+00,0.000000E+00,0.000000E+00,0.000000E+00,0.000000E+00,0.000000E+00,2.219902E+01,2.227504E+01,2.389951E+01,5.152995E+01,3.755171E+03,5.472105E+02,1.334350E-01,5.411333E-02,0.000000E+00,0.000000E+00,0.000000E+00,0.000000E+00,0.000000E+00,0.000000E+00,0.000000E+00,0.000000E+00,2.219896E+01,2.228795E+01,2.389948E+01,5.164310E+01,1.626303E+03,7.938720E+02,5.778864E-02,7.850299E-02,0.000000E+00,0.000000E+00,0.000000E+00,0.000000E+00,0.000000E+00,0.000000E+00,0.000000E+00,0.000000E+00,2.219902E+01,2.227504E+01,2.389959E+01,4.849127E+01,2.983690E+03,5.125561E+02,1.060211E-01,5.068781E-02,0.000000E+00,0.000000E+00,0.000000E+00,0.000000E+00,0.000000E+00,0.000000E+00,0.000000E+00,0.000000E+00,2.219886E+01,2.064827E+01,2.389955E+01,5.513990E+01
20:00:00,3.862895E+03,4.514509E+02,1.372629E-01,4.464216E-02,0.000000E+00,0.000000E+00,0.000000E+00,0.000000E+00,0.000000E+00,0.000000E+00,0.000000E+00,0.000000E+00,2.219897E+01,2.232313E+01,2.389962E+01,5.053644E+01,1.626303E+03,1.633244E+02,5.778864E-02,1.615041E-02,0.000000E+00,0.000000E+00,0.000000E+00,0.000000E+00,0.000000E+00,0.000000E+00,0.000000E+00,0.000000E+00,2.219902E+01,2.227504E+01,2.389967E+01,5.106308E+01,3.755171E+03,3.569051E+02,1.334350E-01,3.529284E-02,0.000000E+00,0.000000E+00,0.000000E+00,0.000000E+00,0.000000E+00,0.000000E+00,0.000000E+00,0.000000E+00,2.219896E+01,2.228795E+01,2.389965E+01,5.118915E+01,1.626303E+03,5.754454E+02,5.778864E-02,5.690207E-02,0.000000E+00,0.000000E+00,0.000000E+00,0.000000E+00,0.000000E+00,0.000000E+00,0.000000E+00,0.000000E+00,2.219902E+01,2.227504E+01,2.389972E+01,4.815468E+01,2.983690E+03,2.639177E+02,1.060211E-01,2.609805E-02,0.000000E+00,0.000000E+00,0.000000E+00,0.000000E+00,0.000000E+00,0.000000E+00,0.000000E+00,0.000000E+00,2.219886E+01,2.064827E+01,2.389970E+01,5.479612E+01
20:15:00,3.862895E+03,2.946619E+02,1.372629E-01,2.913717E-02,0.000000E+00,0.000000E+00,0.000000E+00,0.000000E+00,0.000000E+00,0.000000E+00,0.000000E+00,0.000000E+00,2.219897E+01,2.232313E+01,2.389975E+01,5.019386E+01,1.626303E+03,1.040602E+02,5.778864E-02,1.028976E-02,0.000000E+00,0.000000E+00,0.000000E+00,0.000000E+00,0.000000E+00,0.000000E+00,0.000000E+00,0.000000E+00,2.219902E+01,2.227504E+01,2.389979E+01,5.073502E+01,3.755171E+03,2.287875E+02,1.334350E-01,2.262318E-02,0.000000E+00,0.000000E+00,0.000000E+00,0.000000E+00,0.000000E+00,0.000000E+00,0.000000E+00,0.000000E+00,2.219896E+01,2.228795E+01,2.389977E+01,5.086536E+01,1.626303E+03,4.286899E+02,5.778864E-02,4.238953E-02,0.000000E+00,0.000000E+00,0.000000E+00,0.000000E+00,0.000000E+00,0.000000E+00,0.000000E+00,0.000000E+00,2.219902E+01,2.227504E+01,2.389986E+01,4.796379E+01,2.983690E+03,1.613248E+02,1.060211E-01,1.595218E-02,0.000000E+00,0.000000E+00,0.000000E+00,0.000000E+00,0.000000E+00,0.000000E+00,0.000000E+00,0.000000E+00,2.219886E+01,2.064827E+01,2.389982E+01,5.455888E+01
20:30:00,3.862895E+03,1.710788E+02,1.372629E-01,1.691662E-02,0.000000E+00,0.000000E+00,0.000000E+00,0.000000E+00,0.000000E+00,0.000000E+00,0.000000E+00,0.000000E+00,2.219897E+01,2.232313E+01,2.390021E+01,5.006201E+01,1.626303E+03,5.889516E+01,5.778864E-02,5.823641E-03,0.000000E+00,0.000000E+00,0.000000E+00,0.000000E+00,0.000000E+00,0.000000E+00,0.000000E+00,0.000000E+00,2.219902E+01,2.227504E+01,2.385280E+01,5.075449E+01,3.755171E+03,1.303674E+02,1.334350E-01,1.289095E-02,0.000000E+00,0.000000E+00,0.000000E+00,0.000000E+00,0.000000E+00,0.000000E+00,0.000000E+00,0.000000E+00,2.219896E+01,2.228795E+01,2.384725E+01,5.090248E+01,1.626303E+03,3.149214E+02,5.778864E-02,3.113944E-02,0.000000E+00,0.000000E+00,0.000000E+00,0.000000E+00,0.000000E+00,0.000000E+00,0.000000E+00,0.000000E+00,2.219902E+01,2.227504E+01,2.389995E+01,4.788018E+01,2.983690E+03,8.651833E+01,1.060211E-01,8.555030E-03,0.000000E+00,0.000000E+00,0.000000E+00,0.000000E+00,0.000000E+00,0.000000E+00,0.000000E+00,0.000000E+00,2.219886E+01,2.064827E+01,2.372100E+01,5.505966E+01
20:45:00,3.862895E+03,7.429529E+01,1.372629E-01,7.346396E-03,0.000000E+00,0.000000E+00,0.000000E+00,0.000000E+00,0.000000E+00,0.000000E+00,0.000000E+00,0.000000E+00,2.219897E+01,2.232313E+01,2.389326E+01,5.006211E+01,1.626303E+03,2.485981E+01,5.778864E-02,2.458151E-03,0.000000E+00,0.000000E+00,0.000000E+00,0.000000E+00,0.000000E+00,0.000000E+00,0.000000E+00,0.000000E+00,2.219902E+01,2.227504E+01,2.381042E+01,5.086478E+01,3.755171E+03,5.545310E+01,1.334350E-01,5.483244E-03,0.000000E+00,0.000000E+00,0.000000E+00,0.000000E+00,0.000000E+00,0.000000E+00,0.000000E+00,0.000000E+00,2.219896E+01,2.228795E+01,2.380196E+01,5.102154E+01,1.626303E+03,2.103976E+02,5.778864E-02,2.080391E-02,0.000000E+00,0.000000E+00,0.000000E+00,0.000000E+00,0.000000E+00,0.000000E+00,0.000000E+00,0.000000E+00,2.219902E+01,2.227504E+01,2.389998E+01,4.784820E+01,2.983690E+03,3.418423E+01,1.060211E-01,3.380144E-03,0.000000E+00,0.000000E+00,0.000000E+00,0.000000E+00,0.000000E+00,0.000000E+00,0.000000E+00,0.000000E+00,2.219886E+01,2.064827E+01,2.357210E+01,5.554231E+01
21:00:00,3.862895E+03,0.000000E+00,1.372629E-01,0.000000E+00,0.000000E+00,0.000000E+00,0.000000E+00,0.000000E+00,0.000000E+00,0.000000E+00,0.000000E+00,0.000000E+00,2.219897E+01,2.232313E+01,2.383572E+01,5.024615E+01,1.626303E+03,0.000000E+00,5.778864E-02,0.000000E+00,0.000000E+00,0.000000E+00,0.000000E+00,0.000000E+00,0.000000E+00,0.000000E+00,0.000000E+00,0.000000E+00,2.219902E+01,2.227504E+01,2.374497E+01,5.107588E+01,3.755171E+03,0.000000E+00,1.334350E-01,0.000000E+00,0.000000E+00,0.000000E+00,0.000000E+00,0.000000E+00,0.000000E+00,0.000000E+00,0.000000E+00,0.000000E+00,2.219896E+01,2.228795E+01,2.373531E+01,5.123658E+01,1.626303E+03,1.182868E+02,5.778864E-02,1.169598E-02,0.000000E+00,0.000000E+00,0.000000E+00,0.000000E+00,0.000000E+00,0.000000E+00,0.000000E+00,0.000000E+00,2.219902E+01,2.227504E+01,2.389999E+01,4.783574E+01,2.983690E+03,0.000000E+00,1.060211E-01,0.000000E+00,0.000000E+00,0.000000E+00,0.000000E+00,0.000000E+00,0.000000E+00,0.000000E+00,0.000000E+00,0.000000E+00,2.219886E+01,2.064827E+01,2.347345E+01,5.588153E+01
21:15:00,3.862895E+03,0.000000E+00,1.372629E-01,0.000000E+00,0.000000E+00,0.000000E+00,0.000000E+00,0.000000E+00,0.000000E+00,0.000000E+00,0.000000E+00,0.000000E+00,2.219897E+01,2.232313E+01,2.374258E+01,5.053906E+01,1.626303E+03,0.000000E+00,5.778864E-02,0.000000E+00,0.000000E+00,0.000000E+00,0.000000E+00,0.000000E+00,0.000000E+00,0.000000E+00,0.000000E+00,0.000000E+00,2.219902E+01,2.227504E+01,2.365897E+01,5.135123E+01,3.755171E+03,0.000000E+00,1.334350E-01,0.000000E+00,0.000000E+00,0.000000E+00,0.000000E+00,0.000000E+00,0.000000E+00,0.000000E+00,0.000000E+00,0.000000E+00,2.219896E+01,2.228795E+01,2.364641E+01,5.152161E+01,1.626303E+03,6.387535E+01,5.778864E-02,6.315844E-03,0.000000E+00,0.000000E+00,0.000000E+00,0.000000E+00,0.000000E+00,0.000000E+00,0.000000E+00,0.000000E+00,2.219902E+01,2.227504E+01,2.390000E+01,4.783106E+01,2.983690E+03,0.000000E+00,1.060211E-01,0.000000E+00,0.000000E+00,0.000000E+00,0.000000E+00,0.000000E+00,0.000000E+00,0.000000E+00,0.000000E+00,0.000000E+00,2.219886E+01,2.064827E+01,2.339411E+01,5.615717E+01
21:30:00,3.862895E+03,0.000000E+00,1.372629E-01,0.000000E+00,0.000000E+00,0.000000E+00,0.000000E+00,0.000000E+00,0.000000E+00,0.000000E+00,0.000000E+00,0.000000E+00,2.219897E+01,2.232313E+01,2.361263E+01,5.094096E+01,1.626303E+03,0.000000E+00,5.778864E-02,0.000000E+00,0.000000E+00,0.000000E+00,0.000000E+00,0.000000E+00,0.000000E+00,0.000000E+00,0.000000E+00,0.000000E+00,2.219902E+01,2.227504E+01,2.354027E+01,5.172444E+01,3.755171E+03,0.000000E+00,1.334350E-01,0.000000E+00,0.000000E+00,0.000000E+00,0.000000E+00,0.000000E+00,0.000000E+00,0.000000E+00,0.000000E+00,0.000000E+00,2.219896E+01,2.228795E+01,2.352189E+01,5.191425E+01,1.626303E+03,2.787492E+01,5.778864E-02,2.756202E-03,0.000000E+00,0.000000E+00,0.000000E+00,0.000000E+00,0.000000E+00,0.000000E+00,0.000000E+00,0.000000E+00,2.219902E+01,2.227504E+01,2.384616E+01,4.798544E+01,2.983690E+03,0.000000E+00,1.060211E-01,0.000000E+00,0.000000E+00,0.000000E+00,0.000000E+00,0.000000E+00,0.000000E+00,0.000000E+00,0.000000E+00,0.000000E+00,2.219886E+01,2.064827E+01,2.328686E+01,5.652534E+01
21:45:00,3.862895E+03,0.000000E+00,1.372629E-01,0.000000E+00,0.000000E+00,0.000000E+00,0.000000E+00,0.000000E+00,0.000000E+00,0.000000E+00,0.000000E+00,0.000000E+00,2.219897E+01,2.232313E+01,2.343768E+01,5.148223E+01,1.626303E+03,0.000000E+00,5.778864E-02,0.000000E+00,0.000000E+00,0.000000E+00,0.000000E+00,0.000000E+00,0.000000E+00,0.000000E+00,0.000000E+00,0.000000E+00,2.219902E+01,2.227504E+01,2.337929E+01,5.223022E+01,3.755171E+03,0.000000E+00,1.334350E-01,0.000000E+00,0.000000E+00,0.000000E+00,0.000000E+00,0.000000E+00,0.000000E+00,0.000000E+00,0.000000E+00,0.000000E+00,2.219896E+01,2.228795E+01,2.335090E+01,5.245366E+01,1.626303E+03,7.348996E+00,5.778864E-02,7.266494E-04,0.000000E+00,0.000000E+00,0.000000E+00,0.000000E+00,0.000000E+00,0.000000E+00,0.000000E+00,0.000000E+00,2.219902E+01,2.227504E+01,2.373364E+01,4.831179E+01,2.983690E+03,0.000000E+00,1.060211E-01,0.000000E+00,0.000000E+00,0.000000E+00,0.000000E+00,0.000000E+00,0.000000E+00,0.000000E+00,0.000000E+00,0.000000E+00,2.219886E+01,2.064827E+01,2.312172E+01,5.709309E+01
22:00:00,3.862895E+03,0.000000E+00,1.372629E-01,0.000000E+00,0.000000E+00,0.000000E+00,0.000000E+00,0.000000E+00,0.000000E+00,0.000000E+00,0.000000E+00,0.000000E+00,2.219897E+01,2.232313E+01,2.327671E+01,5.198480E+01,1.626303E+03,0.000000E+00,5.778864E-02,0.000000E+00,0.000000E+00,0.000000E+00,0.000000E+00,0.000000E+00,0.000000E+00,0.000000E+00,0.000000E+00,0.000000E+00,2.219902E+01,2.227504E+01,2.323207E+01,5.269649E+01,3.755171E+03,0.000000E+00,1.334350E-01,0.000000E+00,0.000000E+00,0.000000E+00,0.000000E+00,0.000000E+00,0.000000E+00,0.000000E+00,0.000000E+00,0.000000E+00,2.219896E+01,2.228795E+01,2.319340E+01,5.295494E+01,1.626303E+03,0.000000E+00,5.778864E-02,0.000000E+00,0.000000E+00,0.000000E+00,0.000000E+00,0.000000E+00,0.000000E+00,0.000000E+00,0.000000E+00,0.000000E+00,2.219902E+01,2.227504E+01,2.358951E+01,4.873340E+01,2.983690E+03,0.000000E+00,1.060211E-01,0.000000E+00,0.000000E+00,0.000000E+00,0.000000E+00,0.000000E+00,0.000000E+00,0.000000E+00,0.000000E+00,0.000000E+00,2.219886E+01,2.064827E+01,2.296422E+01,5.763967E+01
22:15:00,3.862895E+03,0.000000E+00,1.372629E-01,0.000000E+00,0.000000E+00,0.000000E+00,0.000000E+00,0.000000E+00,0.000000E+00,0.000000E+00,0.000000E+00,0.000000E+00,2.219897E+01,2.232313E+01,2.314172E+01,5.241031E+01,1.626303E+03,0.000000E+00,5.778864E-02,0.000000E+00,0.000000E+00,0.000000E+00,0.000000E+00,0.000000E+00,0.000000E+00,0.000000E+00,0.000000E+00,0.000000E+00,2.219902E+01,2.227504E+01,2.310778E+01,5.309363E+01,3.755171E+03,0.000000E+00,1.334350E-01,0.000000E+00,0.000000E+00,0.000000E+00,0.000000E+00,0.000000E+00,0.000000E+00,0.000000E+00,0.000000E+00,0.000000E+00,2.219896E+01,2.228795E+01,2.306212E+01,5.337671E+01,1.626303E+03,0.000000E+00,5.778864E-02,0.000000E+00,0.000000E+00,0.000000E+00,0.000000E+00,0.000000E+00,0.000000E+00,0.000000E+00,0.000000E+00,0.000000E+00,2.219902E+01,2.227504E+01,2.344002E+01,4.917479E+01,2.983690E+03,0.000000E+00,1.060211E-01,0.000000E+00,0.000000E+00,0.000000E+00,0.000000E+00,0.000000E+00,0.000000E+00,0.000000E+00,0.000000E+00,0.000000E+00,2.219886E+01,2.064827E+01,2.283897E+01,5.807847E+01
22:30:00,3.862895E+03,0.000000E+00,1.372629E-01,0.000000E+00,0.000000E+00,0.000000E+00,0.000000E+00,0.000000E+00,0.000000E+00,0.000000E+00,0.000000E+00,0.000000E+00,2.219897E+01,2.232313E+01,2.302249E+01,5.278951E+01,1.626303E+03,0.000000E+00,5.778864E-02,0.000000E+00,0.000000E+00,0.000000E+00,0.000000E+00,0.000000E+00,0.000000E+00,0.000000E+00,0.000000E+00,0.000000E+00,2.219902E+01,2.227504E+01,2.299581E+01,5.345439E+01,3.755171E+03,0.000000E+00,1.334350E-01,0.000000E+00,0.000000E+00,0.000000E+00,0.000000E+00,0.000000E+00,0.000000E+00,0.000000E+00,0.000000E+00,0.000000E+00,2.219896E+01,2.228795E+01,2.294663E+01,5.375097E+01,1.626303E+03,0.000000E+00,5.778864E-02,0.000000E+00,0.000000E+00,0.000000E+00,0.000000E+00,0.000000E+00,0.000000E+00,0.000000E+00,0.000000E+00,0.000000E+00,2.219902E+01,2.227504E+01,2.329614E+01,4.960378E+01,2.983690E+03,0.000000E+00,1.060211E-01,0.000000E+00,0.000000E+00,0.000000E+00,0.000000E+00,0.000000E+00,0.000000E+00,0.000000E+00,0.000000E+00,0.000000E+00,2.219886E+01,2.064827E+01,2.273720E+01,5.843779E+01
22:45:00,3.862895E+03,0.000000E+00,1.372629E-01,0.000000E+00,0.000000E+00,0.000000E+00,0.000000E+00,0.000000E+00,0.000000E+00,0.000000E+00,0.000000E+00,0.000000E+00,2.219897E+01,2.232313E+01,2.291045E+01,5.314877E+01,1.626303E+03,0.000000E+00,5.778864E-02,0.000000E+00,0.000000E+00,0.000000E+00,0.000000E+00,0.000000E+00,0.000000E+00,0.000000E+00,0.000000E+00,0.000000E+00,2.219902E+01,2.227504E+01,2.288901E+01,5.380119E+01,3.755171E+03,0.000000E+00,1.334350E-01,0.000000E+00,0.000000E+00,0.000000E+00,0.000000E+00,0.000000E+00,0.000000E+00,0.000000E+00,0.000000E+00,0.000000E+00,2.219896E+01,2.228795E+01,2.283808E+01,5.410557E+01,1.626303E+03,0.000000E+00,5.778864E-02,0.000000E+00,0.000000E+00,0.000000E+00,0.000000E+00,0.000000E+00,0.000000E+00,0.000000E+00,0.000000E+00,0.000000E+00,2.219902E+01,2.227504E+01,2.315887E+01,5.001692E+01,2.983690E+03,0.000000E+00,1.060211E-01,0.000000E+00,0.000000E+00,0.000000E+00,0.000000E+00,0.000000E+00,0.000000E+00,0.000000E+00,0.000000E+00,0.000000E+00,2.219886E+01,2.064827E+01,2.264637E+01,5.876072E+01
23:00:00,3.862895E+03,0.000000E+00,1.372629E-01,0.000000E+00,0.000000E+00,0.000000E+00,0.000000E+00,0.000000E+00,0.000000E+00,0.000000E+00,0.000000E+00,0.000000E+00,2.219897E+01,2.232313E+01,2.280330E+01,5.349498E+01,1.626303E+03,0.000000E+00,5.778864E-02,0.000000E+00,0.000000E+00,0.000000E+00,0.000000E+00,0.000000E+00,0.000000E+00,0.000000E+00,0.000000E+00,0.000000E+00,2.219902E+01,2.227504E+01,2.278620E+01,5.413747E+01,3.755171E+03,0.000000E+00,1.334350E-01,0.000000E+00,0.000000E+00,0.000000E+00,0.000000E+00,0.000000E+00,0.000000E+00,0.000000E+00,0.000000E+00,0.000000E+00,2.219896E+01,2.228795E+01,2.273406E+01,5.444787E+01,1.626303E+03,0.000000E+00,5.778864E-02,0.000000E+00,0.000000E+00,0.000000E+00,0.000000E+00,0.000000E+00,0.000000E+00,0.000000E+00,0.000000E+00,0.000000E+00,2.219902E+01,2.227504E+01,2.302763E+01,5.041554E+01,2.983690E+03,0.000000E+00,1.060211E-01,0.000000E+00,0.000000E+00,0.000000E+00,0.000000E+00,0.000000E+00,0.000000E+00,0.000000E+00,0.000000E+00,0.000000E+00,2.219886E+01,2.064827E+01,2.256078E+01,5.906688E+01
23:15:00,3.862895E+03,0.000000E+00,1.372629E-01,0.000000E+00,0.000000E+00,0.000000E+00,0.000000E+00,0.000000E+00,0.000000E+00,0.000000E+00,0.000000E+00,0.000000E+00,2.219897E+01,2.232313E+01,2.270130E+01,5.382697E+01,1.626303E+03,0.000000E+00,5.778864E-02,0.000000E+00,0.000000E+00,0.000000E+00,0.000000E+00,0.000000E+00,0.000000E+00,0.000000E+00,0.000000E+00,0.000000E+00,2.219902E+01,2.227504E+01,2.268798E+01,5.446096E+01,3.755171E+03,0.000000E+00,1.334350E-01,0.000000E+00,0.000000E+00,0.000000E+00,0.000000E+00,0.000000E+00,0.000000E+00,0.000000E+00,0.000000E+00,0.000000E+00,2.219896E+01,2.228795E+01,2.263485E+01,5.477663E+01,1.626303E+03,0.000000E+00,5.778864E-02,0.000000E+00,0.000000E+00,0.000000E+00,0.000000E+00,0.000000E+00,0.000000E+00,0.000000E+00,0.000000E+00,0.000000E+00,2.219902E+01,2.227504E+01,2.290264E+01,5.079853E+01,2.983690E+03,0.000000E+00,1.060211E-01,0.000000E+00,0.000000E+00,0.000000E+00,0.000000E+00,0.000000E+00,0.000000E+00,0.000000E+00,0.000000E+00,0.000000E+00,2.219886E+01,2.064827E+01,2.247965E+01,5.935875E+01
23:30:00,3.862895E+03,0.000000E+00,1.372629E-01,0.000000E+00,0.000000E+00,0.000000E+00,0.000000E+00,0.000000E+00,0.000000E+00,0.000000E+00,0.000000E+00,0.000000E+00,2.219897E+01,2.232313E+01,2.260435E+01,5.414461E+01,1.626303E+03,0.000000E+00,5.778864E-02,0.000000E+00,0.000000E+00,0.000000E+00,0.000000E+00,0.000000E+00,0.000000E+00,0.000000E+00,0.000000E+00,0.000000E+00,2.219902E+01,2.227504E+01,2.259430E+01,5.477152E+01,3.755171E+03,0.000000E+00,1.334350E-01,0.000000E+00,0.000000E+00,0.000000E+00,0.000000E+00,0.000000E+00,0.000000E+00,0.000000E+00,0.000000E+00,0.000000E+00,2.219896E+01,2.228795E+01,2.254042E+01,5.509163E+01,1.626303E+03,0.000000E+00,5.778864E-02,0.000000E+00,0.000000E+00,0.000000E+00,0.000000E+00,0.000000E+00,0.000000E+00,0.000000E+00,0.000000E+00,0.000000E+00,2.219902E+01,2.227504E+01,2.278406E+01,5.116490E+01,2.983690E+03,0.000000E+00,1.060211E-01,0.000000E+00,0.000000E+00,0.000000E+00,0.000000E+00,0.000000E+00,0.000000E+00,0.000000E+00,0.000000E+00,0.000000E+00,2.219886E+01,2.064827E+01,2.240310E+01,5.963562E+01
23:45:00,3.862895E+03,0.000000E+00,1.372629E-01,0.000000E+00,0.000000E+00,0.000000E+00,0.000000E+00,0.000000E+00,0.000000E+00,0.000000E+00,0.000000E+00,0.000000E+00,2.219897E+01,2.232313E+01,2.251197E+01,5.444927E+01,1.626303E+03,0.000000E+00,5.778864E-02,0.000000E+00,0.000000E+00,0.000000E+00,0.000000E+00,0.000000E+00,0.000000E+00,0.000000E+00,0.000000E+00,0.000000E+00,2.219902E+01,2.227504E+01,2.250471E+01,5.507038E+01,3.755171E+03,0.000000E+00,1.334350E-01,0.000000E+00,0.000000E+00,0.000000E+00,0.000000E+00,0.000000E+00,0.000000E+00,0.000000E+00,0.000000E+00,0.000000E+00,2.219896E+01,2.228795E+01,2.245030E+01,5.539417E+01,1.626303E+03,0.000000E+00,5.778864E-02,0.000000E+00,0.000000E+00,0.000000E+00,0.000000E+00,0.000000E+00,0.000000E+00,0.000000E+00,0.000000E+00,0.000000E+00,2.219902E+01,2.227504E+01,2.267178E+01,5.151456E+01,2.983690E+03,0.000000E+00,1.060211E-01,0.000000E+00,0.000000E+00,0.000000E+00,0.000000E+00,0.000000E+00,0.000000E+00,0.000000E+00,0.000000E+00,0.000000E+00,2.219886E+01,2.064827E+01,2.233093E+01,5.989799E+01
24:00:00,3.862895E+03,0.000000E+00,1.372629E-01,0.000000E+00,0.000000E+00,0.000000E+00,0.000000E+00,0.000000E+00,0.000000E+00,0.000000E+00,0.000000E+00,0.000000E+00,2.219897E+01,2.232313E+01,2.242362E+01,5.474244E+01,1.626303E+03,0.000000E+00,5.778864E-02,0.000000E+00,0.000000E+00,0.000000E+00,0.000000E+00,0.000000E+00,0.000000E+00,0.000000E+00,0.000000E+00,0.000000E+00,2.219902E+01,2.227504E+01,2.241878E+01,5.535875E+01,3.755171E+03,0.000000E+00,1.334350E-01,0.000000E+00,0.000000E+00,0.000000E+00,0.000000E+00,0.000000E+00,0.000000E+00,0.000000E+00,0.000000E+00,0.000000E+00,2.219896E+01,2.228795E+01,2.236397E+01,5.568573E+01,1.626303E+03,0.000000E+00,5.778864E-02,0.000000E+00,0.000000E+00,0.000000E+00,0.000000E+00,0.000000E+00,0.000000E+00,0.000000E+00,0.000000E+00,0.000000E+00,2.219902E+01,2.227504E+01,2.256546E+01,5.184813E+01,2.983690E+03,0.000000E+00,1.060211E-01,0.000000E+00,0.000000E+00,0.000000E+00,0.000000E+00,0.000000E+00,0.000000E+00,0.000000E+00,0.000000E+00,0.000000E+00,2.219886E+01,2.064827E+01,2.226267E+01,6.014733E+01
Peak,3.862895E+03,2.612468E+03,1.372629E-01,2.583925E-01,0.000000E+00,0.000000E+00,0.000000E+00,0.000000E+00,0.000000E+00,0.000000E+00,0.000000E+00,0.000000E+00,,,,,1.626303E+03,2.189009E+03,5.778864E-02,2.165012E-01,0.000000E+00,0.000000E+00,0.000000E+00,0.000000E+00,0.000000E+00,0.000000E+00,0.000000E+00,0.000000E+00,,,,,3.755171E+03,2.571197E+03,1.334350E-01,2.543151E-01,0.000000E+00,0.000000E+00,0.000000E+00,0.000000E+00,0.000000E+00,0.000000E+00,0.000000E+00,0.000000E+00,,,,,1.626303E+03,2.494634E+03,5.778864E-02,2.467256E-01,0.000000E+00,0.000000E+00,0.000000E+00,0.000000E+00,0.000000E+00,0.000000E+00,0.000000E+00,0.000000E+00,,,,,2.983690E+03,2.621133E+03,1.060211E-01,2.592503E-01,0.000000E+00,0.000000E+00,0.000000E+00,0.000000E+00,0.000000E+00,0.000000E+00,0.000000E+00,0.000000E+00,,,,

Peak Vol Flow (m3/s),,,1.140035E-01,2.146076E-01,,,0.000000E+00,0.000000E+00,,,,,,,,,,,4.799628E-02,1.798148E-01,,,0.000000E+00,0.000000E+00,,,,,,,,,,,1.108243E-01,2.112211E-01,,,0.000000E+00,0.000000E+00,,,,,,,,,,,4.799628E-02,2.049176E-01,,,0.000000E+00,0.000000E+00,,,,,,,,,,,8.805570E-02,2.153200E-01,,,0.000000E+00,0.000000E+00,,,,,,,,
